"../../../Engine/Plugins/Interchange/Runtime/Content/Pipelines/DefaultTexturePipeline.uasset" 0
"../../../Engine/Plugins/Interchange/Runtime/Content/Pipelines/DefaultTexturePipeline.uexp" 1
"../../../Engine/Plugins/Interchange/Runtime/Content/Pipelines/DefaultSceneLevelPipeline.uasset" 2
"../../../Engine/Plugins/Interchange/Runtime/Content/Pipelines/DefaultSceneLevelPipeline.uexp" 3
"../../../Engine/Plugins/Interchange/Runtime/Content/Pipelines/DefaultSceneAssetsPipeline.uasset" 4
"../../../Engine/Plugins/Interchange/Runtime/Content/Pipelines/DefaultSceneAssetsPipeline.uexp" 5
"../../../Engine/Plugins/Interchange/Runtime/Content/Pipelines/DefaultMaterialXPipeline.uasset" 6
"../../../Engine/Plugins/Interchange/Runtime/Content/Pipelines/DefaultMaterialXPipeline.uexp" 7
"../../../Engine/Plugins/Interchange/Runtime/Content/Pipelines/DefaultMaterialPipeline.uasset" 8
"../../../Engine/Plugins/Interchange/Runtime/Content/Pipelines/DefaultMaterialPipeline.uexp" 9
"../../../Engine/Plugins/Interchange/Runtime/Content/Pipelines/DefaultGLTFSceneAssetsPipeline.uasset" 10
"../../../Engine/Plugins/Interchange/Runtime/Content/Pipelines/DefaultGLTFSceneAssetsPipeline.uexp" 11
"../../../Engine/Plugins/Interchange/Runtime/Content/Pipelines/DefaultGLTFPipeline.uasset" 12
"../../../Engine/Plugins/Interchange/Runtime/Content/Pipelines/DefaultGLTFPipeline.uexp" 13
"../../../Engine/Plugins/Interchange/Runtime/Content/Pipelines/DefaultGLTFAssetsPipeline.uasset" 14
"../../../Engine/Plugins/Interchange/Runtime/Content/Pipelines/DefaultGLTFAssetsPipeline.uexp" 15
"../../../Engine/Plugins/Interchange/Runtime/Content/Pipelines/DefaultAssetsPipeline.uasset" 16
"../../../Engine/Plugins/Interchange/Runtime/Content/Pipelines/DefaultAssetsPipeline.uexp" 17
"../../../Engine/Plugins/Experimental/Water/Content/Waves/GerstnerWaves_Ocean.uasset" 18
"../../../Engine/Plugins/Experimental/Water/Content/Waves/GerstnerWaves_Ocean.uexp" 19
"../../../Engine/Plugins/Experimental/Water/Content/Waves/GerstnerWaves_Lake.uasset" 20
"../../../Engine/Plugins/Experimental/Water/Content/Waves/GerstnerWaves_Lake.uexp" 21
"../../../Engine/Plugins/Animation/ControlRig/Content/Controls/DefaultGizmoLibraryNormalized.uasset" 22
"../../../Engine/Plugins/Animation/ControlRig/Content/Controls/DefaultGizmoLibraryNormalized.uexp" 23
"../../../Engine/Plugins/2D/Paper2D/Content/PlaceholderTextures/DummySpriteTexture.ubulk" 24
"../../../Engine/Plugins/2D/Paper2D/Content/PlaceholderTextures/DummySpriteTexture.uasset" 25
"../../../Engine/Plugins/2D/Paper2D/Content/PlaceholderTextures/DummySpriteTexture.uexp" 26
"../../../Engine/Plugins/2D/Paper2D/Content/DummySprite.uasset" 27
"../../../Engine/Plugins/2D/Paper2D/Content/DummySprite.uexp" 28
"../../../Engine/Plugins/2D/Paper2D/Content/DefaultPaperTerrainMaterial.uasset" 29
"../../../Engine/Plugins/2D/Paper2D/Content/DefaultPaperTerrainMaterial.uexp" 30
"../../../Engine/Content/EngineSounds/Master.uasset" 31
"../../../Engine/Content/EngineSounds/Master.uexp" 32
"../../../Engine/Content/EngineMaterials/DefaultDestructiblePhysicalMaterial.uasset" 33
"../../../Engine/Content/EngineMaterials/DefaultDestructiblePhysicalMaterial.uexp" 34
"../../../Engine/Content/EngineFonts/Faces/RobotoLight.uexp" 35
"../../../Engine/Content/EngineFonts/Faces/RobotoLight.uasset" 36
"../../../Engine/Content/EngineFonts/Faces/RobotoLight.ufont" 37
"../../../Engine/Content/EngineFonts/Faces/RobotoBold.uexp" 38
"../../../Engine/Content/EngineFonts/Faces/RobotoBold.uasset" 39
"../../../Engine/Content/EngineFonts/Faces/RobotoBold.ufont" 40
"../../../Engine/Content/EngineFonts/Faces/RobotoRegular.uexp" 41
"../../../Engine/Content/EngineFonts/Faces/RobotoRegular.uasset" 42
"../../../Engine/Content/EngineFonts/Faces/RobotoRegular.ufont" 43
"../../../Engine/Content/EngineFonts/Faces/DroidSansFallback.uexp" 44
"../../../Engine/Content/EngineFonts/Faces/DroidSansFallback.uasset" 45
"../../../Engine/Content/EngineFonts/Faces/DroidSansFallback.ufont" 46
"../../../Engine/Content/EngineFonts/Faces/RobotoItalic.uexp" 47
"../../../Engine/Content/EngineFonts/Faces/RobotoItalic.uasset" 48
"../../../Engine/Content/EngineFonts/Faces/RobotoItalic.ufont" 49
"../../../Engine/Content/EngineFonts/Faces/RobotoBoldItalic.uexp" 50
"../../../Engine/Content/EngineFonts/Faces/RobotoBoldItalic.uasset" 51
"../../../Engine/Content/EngineFonts/Faces/RobotoBoldItalic.ufont" 52
"../../../Engine/Content/EngineFonts/Roboto.uasset" 53
"../../../Engine/Content/EngineFonts/Roboto.uexp" 54
"../../../Engine/Content/EditorResources/SmallFont.uasset" 55
"../../../Engine/Content/EditorResources/SmallFont.uexp" 56
"../../../Engine/Content/Animation/DefaultRecorderBoneCompression.uasset" 57
"../../../Engine/Content/Animation/DefaultRecorderBoneCompression.uexp" 58
"../../../Engine/Content/MobileResources/HUD/VirtualJoystick_Background.uasset" 59
"../../../Engine/Content/MobileResources/HUD/VirtualJoystick_Background.uexp" 60
"../../../Engine/Content/MobileResources/HUD/VirtualJoystick_Thumb.uasset" 61
"../../../Engine/Content/MobileResources/HUD/VirtualJoystick_Thumb.uexp" 62
"../../../Engine/Content/MobileResources/HUD/DefaultVirtualJoysticks.uasset" 63
"../../../Engine/Content/MobileResources/HUD/DefaultVirtualJoysticks.uexp" 64
"../../../Engine/Content/EditorResources/S_Actor.ubulk" 65
"../../../Engine/Content/EditorResources/S_Actor.uasset" 66
"../../../Engine/Content/EditorResources/S_Actor.uexp" 67
"../../../Engine/Content/EditorResources/S_BoxReflectionCapture.uasset" 68
"../../../Engine/Content/EditorResources/S_BoxReflectionCapture.uexp" 69
"../../../Engine/Content/EngineResources/DefaultTextureCube.uasset" 70
"../../../Engine/Content/EngineResources/DefaultTextureCube.uexp" 71
"../../../Engine/Content/EngineResources/DefaultVolumeTexture2D.uasset" 72
"../../../Engine/Content/EngineResources/DefaultVolumeTexture2D.uexp" 73
"../../../Engine/Content/EngineResources/DefaultVolumeTexture.uasset" 74
"../../../Engine/Content/EngineResources/DefaultVolumeTexture.uexp" 75
"../../../Engine/Plugins/Runtime/MeshModelingToolset/Content/Materials/M_DynamicMeshComponentVtxColor.uasset" 76
"../../../Engine/Plugins/Runtime/MeshModelingToolset/Content/Materials/M_DynamicMeshComponentVtxColor.uexp" 77
"../../../Engine/Plugins/Runtime/HairStrands/Content/Materials/HairMeshesDefaultMaterial.uasset" 78
"../../../Engine/Plugins/Runtime/HairStrands/Content/Materials/HairMeshesDefaultMaterial.uexp" 79
"../../../Engine/Plugins/Runtime/HairStrands/Content/Materials/HairDefaultMaterial.uasset" 80
"../../../Engine/Plugins/Runtime/HairStrands/Content/Materials/HairDefaultMaterial.uexp" 81
"../../../Engine/Plugins/Runtime/HairStrands/Content/Materials/HairGroupColors.uasset" 82
"../../../Engine/Plugins/Runtime/HairStrands/Content/Materials/HairGroupColors.uexp" 83
"../../../Engine/Content/Functions/Engine_MaterialFunctions02/Utility/MakeFloat2.uasset" 84
"../../../Engine/Content/Functions/Engine_MaterialFunctions02/Utility/MakeFloat2.uexp" 85
"../../../Engine/Content/Functions/Engine_MaterialFunctions02/Utility/MakeFloat3.uasset" 86
"../../../Engine/Content/Functions/Engine_MaterialFunctions02/Utility/MakeFloat3.uexp" 87
"../../../Engine/Content/EngineMaterials/HairColorMap.uasset" 88
"../../../Engine/Content/EngineMaterials/HairColorMap.uexp" 89
"../../../Engine/Content/EngineMaterials/HairDebugColor.uasset" 90
"../../../Engine/Content/EngineMaterials/HairDebugColor.uexp" 91
"../../../Engine/Plugins/Runtime/HairStrands/Content/Materials/HairDebugMaterial.uasset" 92
"../../../Engine/Plugins/Runtime/HairStrands/Content/Materials/HairDebugMaterial.uexp" 93
"../../../Engine/Plugins/Runtime/HairStrands/Content/Materials/HairCardsDefaultMaterial.uasset" 94
"../../../Engine/Plugins/Runtime/HairStrands/Content/Materials/HairCardsDefaultMaterial.uexp" 95
"../../../Engine/Plugins/Runtime/AudioWidgets/Content/Resources/ScrubHandleDown_Clamped.uasset" 96
"../../../Engine/Plugins/Runtime/AudioWidgets/Content/Resources/ScrubHandleDown_Clamped.uexp" 97
"../../../Engine/Content/EditorResources/S_Trigger.ubulk" 98
"../../../Engine/Content/EditorResources/S_Trigger.uasset" 99
"../../../Engine/Content/EditorResources/S_Trigger.uexp" 100
"../../../Engine/Plugins/Interchange/Assets/Content/Functions/MX_UsdPreviewSurface.uasset" 101
"../../../Engine/Plugins/Interchange/Assets/Content/Functions/MX_UsdPreviewSurface.uexp" 102
"../../../Engine/Plugins/Interchange/Assets/Content/Functions/MX_UniformEDF.uasset" 103
"../../../Engine/Plugins/Interchange/Assets/Content/Functions/MX_UniformEDF.uexp" 104
"../../../Engine/Plugins/Interchange/Assets/Content/Functions/MX_TranslucentBSDF.uasset" 105
"../../../Engine/Plugins/Interchange/Assets/Content/Functions/MX_TranslucentBSDF.uexp" 106
"../../../Engine/Plugins/Interchange/Assets/Content/Functions/MX_ThinFilmBSDF.uasset" 107
"../../../Engine/Plugins/Interchange/Assets/Content/Functions/MX_ThinFilmBSDF.uexp" 108
"../../../Engine/Plugins/Interchange/Assets/Content/Functions/MX_SurfaceUnlit.uasset" 109
"../../../Engine/Plugins/Interchange/Assets/Content/Functions/MX_SurfaceUnlit.uexp" 110
"../../../Engine/Plugins/Interchange/Assets/Content/Functions/MX_Surface.uasset" 111
"../../../Engine/Plugins/Interchange/Assets/Content/Functions/MX_Surface.uexp" 112
"../../../Engine/Plugins/Interchange/Assets/Content/Functions/MX_SubsurfaceBSDF.uasset" 113
"../../../Engine/Plugins/Interchange/Assets/Content/Functions/MX_SubsurfaceBSDF.uexp" 114
"../../../Engine/Plugins/Interchange/Assets/Content/Functions/MX_SheenBSDF.uasset" 115
"../../../Engine/Plugins/Interchange/Assets/Content/Functions/MX_SheenBSDF.uexp" 116
"../../../Engine/Plugins/Interchange/Assets/Content/Functions/MX_OrenNayarBSDF.uasset" 117
"../../../Engine/Plugins/Interchange/Assets/Content/Functions/MX_OrenNayarBSDF.uexp" 118
"../../../Engine/Plugins/Interchange/Assets/Content/Utilities/New_LUT.uasset" 119
"../../../Engine/Plugins/Interchange/Assets/Content/Utilities/New_LUT.uexp" 120
"../../../Engine/Content/Functions/Engine_MaterialFunctions03/Math/RemapValueRange.uasset" 121
"../../../Engine/Content/Functions/Engine_MaterialFunctions03/Math/RemapValueRange.uexp" 122
"../../../Engine/Plugins/Interchange/Assets/Content/Functions/MF_Iridescence.uasset" 123
"../../../Engine/Plugins/Interchange/Assets/Content/Functions/MF_Iridescence.uexp" 124
"../../../Engine/Plugins/Interchange/Assets/Content/Functions/MX_StandardSurface.uasset" 125
"../../../Engine/Plugins/Interchange/Assets/Content/Functions/MX_StandardSurface.uexp" 126
"../../../Engine/Plugins/Interchange/Assets/Content/Functions/MX_TransmissionSurface.uasset" 127
"../../../Engine/Plugins/Interchange/Assets/Content/Functions/MX_TransmissionSurface.uexp" 128
"../../../Engine/Plugins/Interchange/Assets/Content/Functions/MX_OpenPBR_Translucent.uasset" 129
"../../../Engine/Plugins/Interchange/Assets/Content/Functions/MX_OpenPBR_Translucent.uexp" 130
"../../../Engine/Plugins/Interchange/Assets/Content/Functions/MX_OpenPBR_Opaque.uasset" 131
"../../../Engine/Plugins/Interchange/Assets/Content/Functions/MX_OpenPBR_Opaque.uexp" 132
"../../../Engine/Plugins/Interchange/Assets/Content/Functions/MX_MeasuredEDF.uasset" 133
"../../../Engine/Plugins/Interchange/Assets/Content/Functions/MX_MeasuredEDF.uexp" 134
"../../../Engine/Plugins/Interchange/Assets/Content/Functions/MX_GeneralizedSchlickBSDF.uasset" 135
"../../../Engine/Plugins/Interchange/Assets/Content/Functions/MX_GeneralizedSchlickBSDF.uexp" 136
"../../../Engine/Plugins/Interchange/Assets/Content/Functions/MX_DielectricBSDF.uasset" 137
"../../../Engine/Plugins/Interchange/Assets/Content/Functions/MX_DielectricBSDF.uexp" 138
"../../../Engine/Plugins/Interchange/Assets/Content/Functions/MX_ConicalEDF.uasset" 139
"../../../Engine/Plugins/Interchange/Assets/Content/Functions/MX_ConicalEDF.uexp" 140
"../../../Engine/Plugins/Interchange/Assets/Content/Functions/MX_ConductorBSDF.uasset" 141
"../../../Engine/Plugins/Interchange/Assets/Content/Functions/MX_ConductorBSDF.uexp" 142
"../../../Engine/Plugins/Interchange/Assets/Content/Functions/MX_BurleyDiffuseBSDF.uasset" 143
"../../../Engine/Plugins/Interchange/Assets/Content/Functions/MX_BurleyDiffuseBSDF.uexp" 144
"../../../Engine/Plugins/Interchange/Assets/Content/Functions/MX_AnisotropicVDF.uasset" 145
"../../../Engine/Plugins/Interchange/Assets/Content/Functions/MX_AnisotropicVDF.uexp" 146
"../../../Engine/Plugins/Interchange/Assets/Content/Functions/MX_AbsorptionVDF.uasset" 147
"../../../Engine/Plugins/Interchange/Assets/Content/Functions/MX_AbsorptionVDF.uexp" 148
"../../../Engine/Plugins/Experimental/Water/Content/Icons/WaterZoneActorSprite.ubulk" 149
"../../../Engine/Plugins/Experimental/Water/Content/Icons/WaterZoneActorSprite.uasset" 150
"../../../Engine/Plugins/Experimental/Water/Content/Icons/WaterZoneActorSprite.uexp" 151
"../../../Engine/Plugins/Experimental/Water/Content/Icons/WaterSprite.uasset" 152
"../../../Engine/Plugins/Experimental/Water/Content/Icons/WaterSprite.uexp" 153
"../../../Engine/Plugins/Experimental/Water/Content/Icons/WaterLandscapeBrushSprite.ubulk" 154
"../../../Engine/Plugins/Experimental/Water/Content/Icons/WaterLandscapeBrushSprite.uasset" 155
"../../../Engine/Plugins/Experimental/Water/Content/Icons/WaterLandscapeBrushSprite.uexp" 156
"../../../Engine/Plugins/Experimental/Water/Content/Icons/WaterErrorSprite.ubulk" 157
"../../../Engine/Plugins/Experimental/Water/Content/Icons/WaterErrorSprite.uasset" 158
"../../../Engine/Plugins/Experimental/Water/Content/Icons/WaterErrorSprite.uexp" 159
"../../../Engine/Plugins/Experimental/Water/Content/Icons/WaterBodyIslandSprite.uasset" 160
"../../../Engine/Plugins/Experimental/Water/Content/Icons/WaterBodyIslandSprite.uexp" 161
"../../../Engine/Plugins/Experimental/Water/Content/Icons/WaterBodyExclusionVolumeSprite.uasset" 162
"../../../Engine/Plugins/Experimental/Water/Content/Icons/WaterBodyExclusionVolumeSprite.uexp" 163
"../../../Engine/Content/EditorResources/S_TriggerBox.uasset" 164
"../../../Engine/Content/EditorResources/S_TriggerBox.uexp" 165
"../../../Engine/Plugins/Editor/SpeedTreeImporter/Content/SpeedTree9/game_wind_noise.ubulk" 166
"../../../Engine/Plugins/Editor/SpeedTreeImporter/Content/SpeedTree9/game_wind_noise.uasset" 167
"../../../Engine/Plugins/Editor/SpeedTreeImporter/Content/SpeedTree9/game_wind_noise.uexp" 168
"../../../Engine/Plugins/Editor/SpeedTreeImporter/Content/SpeedTree9/UnpackDirection.uasset" 169
"../../../Engine/Plugins/Editor/SpeedTreeImporter/Content/SpeedTree9/UnpackDirection.uexp" 170
"../../../Engine/Content/Functions/Engine_MaterialFunctions02/ObjectLocalBounds.uasset" 171
"../../../Engine/Content/Functions/Engine_MaterialFunctions02/ObjectLocalBounds.uexp" 172
"../../../Engine/Content/Functions/Engine_MaterialFunctions02/Utility/BreakOutFloat3Components.uasset" 173
"../../../Engine/Content/Functions/Engine_MaterialFunctions02/Utility/BreakOutFloat3Components.uexp" 174
"../../../Engine/Content/Functions/Engine_MaterialFunctions02/UVs/BoundingBoxBased_0-1_UVW.uasset" 175
"../../../Engine/Content/Functions/Engine_MaterialFunctions02/UVs/BoundingBoxBased_0-1_UVW.uexp" 176
"../../../Engine/Content/Functions/Engine_MaterialFunctions02/Utility/VectorLength.uasset" 177
"../../../Engine/Content/Functions/Engine_MaterialFunctions02/Utility/VectorLength.uexp" 178
"../../../Engine/Plugins/Editor/SpeedTreeImporter/Content/SpeedTree9/UnpackInteger3.uasset" 179
"../../../Engine/Plugins/Editor/SpeedTreeImporter/Content/SpeedTree9/UnpackInteger3.uexp" 180
"../../../Engine/Plugins/Editor/SpeedTreeImporter/Content/SpeedTree9/SpeedTreeCameraFacing.uasset" 181
"../../../Engine/Plugins/Editor/SpeedTreeImporter/Content/SpeedTree9/SpeedTreeCameraFacing.uexp" 182
"../../../Engine/Content/Functions/Engine_MaterialFunctions02/WorldPositionOffset/ObjectScale.uasset" 183
"../../../Engine/Content/Functions/Engine_MaterialFunctions02/WorldPositionOffset/ObjectScale.uexp" 184
"../../../Engine/Content/Functions/Engine_MaterialFunctions02/SafeNormalize.uasset" 185
"../../../Engine/Content/Functions/Engine_MaterialFunctions02/SafeNormalize.uexp" 186
"../../../Engine/Plugins/Editor/SpeedTreeImporter/Content/SpeedTree9/SpeedTreeWindMotion.uasset" 187
"../../../Engine/Plugins/Editor/SpeedTreeImporter/Content/SpeedTree9/SpeedTreeWindMotion.uexp" 188
"../../../Engine/Plugins/Editor/SpeedTreeImporter/Content/SpeedTree9/SpeedTreeBranchMotion.uasset" 189
"../../../Engine/Plugins/Editor/SpeedTreeImporter/Content/SpeedTree9/SpeedTreeBranchMotion.uexp" 190
"../../../Engine/Plugins/Editor/SpeedTreeImporter/Content/SpeedTree9/SpeedTreeWind.uasset" 191
"../../../Engine/Plugins/Editor/SpeedTreeImporter/Content/SpeedTree9/SpeedTreeWind.uexp" 192
"../../../Engine/Plugins/Editor/SpeedTreeImporter/Content/SpeedTree9/EmptyNormal.uasset" 193
"../../../Engine/Plugins/Editor/SpeedTreeImporter/Content/SpeedTree9/EmptyNormal.uexp" 194
"../../../Engine/Plugins/Editor/SpeedTreeImporter/Content/SpeedTree9/Empty.uasset" 195
"../../../Engine/Plugins/Editor/SpeedTreeImporter/Content/SpeedTree9/Empty.uexp" 196
"../../../Engine/Plugins/Editor/SpeedTreeImporter/Content/SpeedTree9/SpeedTreeMaster.uasset" 197
"../../../Engine/Plugins/Editor/SpeedTreeImporter/Content/SpeedTree9/SpeedTreeMaster.uexp" 198
"../../../Engine/Plugins/Editor/SpeedTreeImporter/Content/SpeedTree9/SpeedTreeBillboard.uasset" 199
"../../../Engine/Plugins/Editor/SpeedTreeImporter/Content/SpeedTree9/SpeedTreeBillboard.uexp" 200
"../../../Engine/Plugins/Editor/SpeedTreeImporter/Content/SpeedTree9/SpeedTreeBillboardMaster.uasset" 201
"../../../Engine/Plugins/Editor/SpeedTreeImporter/Content/SpeedTree9/SpeedTreeBillboardMaster.uexp" 202
"../../../Engine/Content/EditorResources/S_TriggerCapsule.uasset" 203
"../../../Engine/Content/EditorResources/S_TriggerCapsule.uexp" 204
"../../../Engine/Content/Functions/Engine_MaterialFunctions02/WorldPositionOffset/CameraOffset.uasset" 205
"../../../Engine/Content/Functions/Engine_MaterialFunctions02/WorldPositionOffset/CameraOffset.uexp" 206
"../../../Engine/Plugins/Animation/ControlRig/Content/M_Manip.uasset" 207
"../../../Engine/Plugins/Animation/ControlRig/Content/M_Manip.uexp" 208
"../../../Engine/Plugins/Animation/ControlRig/Content/Controls/ControlRigXRayMaterial.uasset" 209
"../../../Engine/Plugins/Animation/ControlRig/Content/Controls/ControlRigXRayMaterial.uexp" 210
"../../../Engine/Plugins/Animation/ControlRig/Content/Controls/ControlRigGizmoMaterial.uasset" 211
"../../../Engine/Plugins/Animation/ControlRig/Content/Controls/ControlRigGizmoMaterial.uexp" 212
"../../../Engine/Content/EngineSky/M_SimpleSkyDome.uasset" 213
"../../../Engine/Content/EngineSky/M_SimpleSkyDome.uexp" 214
"../../../Engine/Content/EditorResources/S_TriggerSphere.uasset" 215
"../../../Engine/Content/EditorResources/S_TriggerSphere.uexp" 216
"../../../Engine/Content/EngineResources/GradientTexture0.uasset" 217
"../../../Engine/Content/EngineResources/GradientTexture0.uexp" 218
"../../../Engine/Content/EngineMaterials/RemoveSurfaceMaterial.uasset" 219
"../../../Engine/Content/EngineMaterials/RemoveSurfaceMaterial.uexp" 220
"../../../Engine/Content/EngineMaterials/PreintegratedSkinBRDF.uasset" 221
"../../../Engine/Content/EngineMaterials/PreintegratedSkinBRDF.uexp" 222
"../../../Engine/Content/EngineMaterials/DefaultCalibrationGrayscale.uasset" 223
"../../../Engine/Content/EngineMaterials/DefaultCalibrationGrayscale.uexp" 224
"../../../Engine/Content/EngineMaterials/PPM_DefaultCalibrationGrayscale.uasset" 225
"../../../Engine/Content/EngineMaterials/PPM_DefaultCalibrationGrayscale.uexp" 226
"../../../Engine/Content/EngineMaterials/DefaultCalibrationColor.uasset" 227
"../../../Engine/Content/EngineMaterials/DefaultCalibrationColor.uexp" 228
"../../../Engine/Content/EngineMaterials/PPM_DefaultCalibrationColor.uasset" 229
"../../../Engine/Content/EngineMaterials/PPM_DefaultCalibrationColor.uexp" 230
"../../../Engine/Content/EngineMaterials/NaniteHiddenSectionMaterial.uasset" 231
"../../../Engine/Content/EngineMaterials/NaniteHiddenSectionMaterial.uexp" 232
"../../../Engine/Content/EngineMaterials/InvalidLightmapSettings.ubulk" 233
"../../../Engine/Content/EngineMaterials/InvalidLightmapSettings.uasset" 234
"../../../Engine/Content/EngineMaterials/InvalidLightmapSettings.uexp" 235
"../../../Engine/Content/EngineMaterials/M_InvalidLightmapSettings.uasset" 236
"../../../Engine/Content/EngineMaterials/M_InvalidLightmapSettings.uexp" 237
"../../../Engine/Content/EngineMaterials/MiniFont.uasset" 238
"../../../Engine/Content/EngineMaterials/MiniFont.uexp" 239
"../../../Engine/Content/EngineMaterials/BaseFlattenEmissiveMap_VT.uasset" 240
"../../../Engine/Content/EngineMaterials/BaseFlattenEmissiveMap_VT.uexp" 241
"../../../Engine/Content/EngineMaterials/BaseFlattenGrayscaleMap_VT.uasset" 242
"../../../Engine/Content/EngineMaterials/BaseFlattenGrayscaleMap_VT.uexp" 243
"../../../Engine/Content/EngineMaterials/BaseFlattenLinearColor_VT.uasset" 244
"../../../Engine/Content/EngineMaterials/BaseFlattenLinearColor_VT.uexp" 245
"../../../Engine/Content/EngineMaterials/Black_1x1_EXR_Texture_VT.uasset" 246
"../../../Engine/Content/EngineMaterials/Black_1x1_EXR_Texture_VT.uexp" 247
"../../../Engine/Content/EngineMaterials/BaseFlattenDiffuseMap_VT.uasset" 248
"../../../Engine/Content/EngineMaterials/BaseFlattenDiffuseMap_VT.uexp" 249
"../../../Engine/Content/EngineMaterials/BaseFlattenNormalMap_VT.uasset" 250
"../../../Engine/Content/EngineMaterials/BaseFlattenNormalMap_VT.uexp" 251
"../../../Engine/Content/EngineMaterials/FlattenMaterial_WS_Normal_VT.uasset" 252
"../../../Engine/Content/EngineMaterials/FlattenMaterial_WS_Normal_VT.uexp" 253
"../../../Engine/Content/EngineMaterials/FlattenMaterial_VT.uasset" 254
"../../../Engine/Content/EngineMaterials/FlattenMaterial_VT.uexp" 255
"../../../Engine/Content/EngineMaterials/BaseFlattenNormalMap.uasset" 256
"../../../Engine/Content/EngineMaterials/BaseFlattenNormalMap.uexp" 257
"../../../Engine/Content/EngineMaterials/BaseFlattenGrayscaleMap.uasset" 258
"../../../Engine/Content/EngineMaterials/BaseFlattenGrayscaleMap.uexp" 259
"../../../Engine/Content/EngineMaterials/BaseFlattenDiffuseMap.uasset" 260
"../../../Engine/Content/EngineMaterials/BaseFlattenDiffuseMap.uexp" 261
"../../../Engine/Content/Functions/Engine_MaterialFunctions02/PivotPainter2/Black_1x1_EXR_Texture.uasset" 262
"../../../Engine/Content/Functions/Engine_MaterialFunctions02/PivotPainter2/Black_1x1_EXR_Texture.uexp" 263
"../../../Engine/Content/EngineMaterials/BaseFlattenEmissiveMap.uasset" 264
"../../../Engine/Content/EngineMaterials/BaseFlattenEmissiveMap.uexp" 265
"../../../Engine/Content/EngineMaterials/BaseFlattenLinearColor.uasset" 266
"../../../Engine/Content/EngineMaterials/BaseFlattenLinearColor.uexp" 267
"../../../Engine/Content/EngineMaterials/FlattenMaterial.uasset" 268
"../../../Engine/Content/EngineMaterials/FlattenMaterial.uexp" 269
"../../../Engine/Content/EngineMaterials/FastBlueNoise_vec2_128x128x64.uasset" 270
"../../../Engine/Content/EngineMaterials/FastBlueNoise_vec2_128x128x64.uexp" 271
"../../../Engine/Content/EngineMaterials/FastBlueNoise_scalar_128x128x64.uasset" 272
"../../../Engine/Content/EngineMaterials/FastBlueNoise_scalar_128x128x64.uexp" 273
"../../../Engine/Content/EngineMaterials/DefaultWhiteGrid_Low.uasset" 274
"../../../Engine/Content/EngineMaterials/DefaultWhiteGrid_Low.uexp" 275
"../../../Engine/Content/EngineMaterials/EmissiveMeshMaterial.uasset" 276
"../../../Engine/Content/EngineMaterials/EmissiveMeshMaterial.uexp" 277
"../../../Engine/Content/EngineMaterials/DefaultWhiteGrid.ubulk" 278
"../../../Engine/Content/EngineMaterials/DefaultWhiteGrid.uasset" 279
"../../../Engine/Content/EngineMaterials/DefaultWhiteGrid.uexp" 280
"../../../Engine/Content/EngineFonts/RobotoDistanceField.uasset" 281
"../../../Engine/Content/EngineFonts/RobotoDistanceField.uexp" 282
"../../../Engine/Content/EngineMaterials/DefaultTextMaterialOpaque.uasset" 283
"../../../Engine/Content/EngineMaterials/DefaultTextMaterialOpaque.uexp" 284
"../../../Engine/Content/EngineMaterials/DefaultDiffuse.ubulk" 285
"../../../Engine/Content/EngineMaterials/DefaultDiffuse.uasset" 286
"../../../Engine/Content/EngineMaterials/DefaultDiffuse.uexp" 287
"../../../Engine/Content/Functions/Engine_MaterialFunctions02/Utility/BreakOutFloat2Components.uasset" 288
"../../../Engine/Content/Functions/Engine_MaterialFunctions02/Utility/BreakOutFloat2Components.uexp" 289
"../../../Engine/Content/EngineMaterials/DefaultPostProcessMaterial.uasset" 290
"../../../Engine/Content/EngineMaterials/DefaultPostProcessMaterial.uexp" 291
"../../../Engine/Content/EngineMaterials/DefaultLightFunctionMaterial.uasset" 292
"../../../Engine/Content/EngineMaterials/DefaultLightFunctionMaterial.uexp" 293
"../../../Engine/Content/EngineMaterials/DefaultDeferredDecalMaterial.uasset" 294
"../../../Engine/Content/EngineMaterials/DefaultDeferredDecalMaterial.uexp" 295
"../../../Engine/Content/EngineMaterials/DefaultBokeh.uasset" 296
"../../../Engine/Content/EngineMaterials/DefaultBokeh.uexp" 297
"../../../Engine/Content/EngineMaterials/DefaultBloomKernel.uasset" 298
"../../../Engine/Content/EngineMaterials/DefaultBloomKernel.uexp" 299
"../../../Engine/Content/Functions/Engine_MaterialFunctions02/Utility/CameraDirectionVector.uasset" 300
"../../../Engine/Content/Functions/Engine_MaterialFunctions02/Utility/CameraDirectionVector.uexp" 301
"../../../Engine/Content/EngineDebugMaterials/VolumeToRender.uasset" 302
"../../../Engine/Content/EngineDebugMaterials/VolumeToRender.uexp" 303
"../../../Engine/Content/EngineDebugMaterials/M_VolumeRenderSphereTracePP.uasset" 304
"../../../Engine/Content/EngineDebugMaterials/M_VolumeRenderSphereTracePP.uexp" 305
"../../../Engine/Content/EngineDebugMaterials/M_SimpleUnlitTranslucent.uasset" 306
"../../../Engine/Content/EngineDebugMaterials/M_SimpleUnlitTranslucent.uexp" 307
"../../../Engine/Content/EngineDebugMaterials/DebugMeshMaterial.uasset" 308
"../../../Engine/Content/EngineDebugMaterials/DebugMeshMaterial.uexp" 309
"../../../Engine/Content/EngineDebugMaterials/DebugEditorMaterial.uasset" 310
"../../../Engine/Content/EngineDebugMaterials/DebugEditorMaterial.uexp" 311
"../../../Engine/Content/EngineDamageTypes/DmgTypeBP_Environmental.uasset" 312
"../../../Engine/Content/EngineDamageTypes/DmgTypeBP_Environmental.uexp" 313
"../../../Engine/Content/EditorResources/Waypoint.ubulk" 314
"../../../Engine/Content/EditorResources/Waypoint.uasset" 315
"../../../Engine/Content/EditorResources/Waypoint.uexp" 316
"../../../Engine/Content/EditorResources/UnrealEdIcon_PhysAsset.ubulk" 317
"../../../Engine/Content/EditorResources/UnrealEdIcon_PhysAsset.uasset" 318
"../../../Engine/Content/EditorResources/UnrealEdIcon_PhysAsset.uexp" 319
"../../../Engine/Content/EditorResources/S_WindDirectional.uasset" 320
"../../../Engine/Content/EditorResources/S_WindDirectional.uexp" 321
"../../../Engine/Content/EditorResources/S_VolumetricCloud.ubulk" 322
"../../../Engine/Content/EditorResources/S_VolumetricCloud.uasset" 323
"../../../Engine/Content/EditorResources/S_VolumetricCloud.uexp" 324
"../../../Engine/Content/EditorResources/S_VectorFieldVol.uasset" 325
"../../../Engine/Content/EditorResources/S_VectorFieldVol.uexp" 326
"../../../Engine/Content/EditorResources/S_Thruster.uasset" 327
"../../../Engine/Content/EditorResources/S_Thruster.uexp" 328
"../../../Engine/Content/EditorResources/S_TextRenderActorIcon.uasset" 329
"../../../Engine/Content/EditorResources/S_TextRenderActorIcon.uexp" 330
"../../../Engine/Content/EditorResources/S_Terrain.ubulk" 331
"../../../Engine/Content/EditorResources/S_Terrain.uasset" 332
"../../../Engine/Content/EditorResources/S_Terrain.uexp" 333
"../../../Engine/Content/EditorResources/S_TargetPoint.uasset" 334
"../../../Engine/Content/EditorResources/S_TargetPoint.uexp" 335
"../../../Engine/Content/EditorResources/S_Solver.ubulk" 336
"../../../Engine/Content/EditorResources/S_Solver.uasset" 337
"../../../Engine/Content/EditorResources/S_Solver.uexp" 338
"../../../Engine/Content/EditorResources/S_SkyLight.ubulk" 339
"../../../Engine/Content/EditorResources/S_SkyLight.uasset" 340
"../../../Engine/Content/EditorResources/S_SkyLight.uexp" 341
"../../../Engine/Content/EditorResources/S_SkyAtmosphere.uasset" 342
"../../../Engine/Content/EditorResources/S_SkyAtmosphere.uexp" 343
"../../../Engine/Content/EditorResources/S_SceneCaptureIcon.ubulk" 344
"../../../Engine/Content/EditorResources/S_SceneCaptureIcon.uasset" 345
"../../../Engine/Content/EditorResources/S_SceneCaptureIcon.uexp" 346
"../../../Engine/Content/EditorResources/S_ReflActorIcon.uasset" 347
"../../../Engine/Content/EditorResources/S_ReflActorIcon.uexp" 348
"../../../Engine/Content/EditorResources/S_RadForce.uasset" 349
"../../../Engine/Content/EditorResources/S_RadForce.uexp" 350
"../../../Engine/Content/EditorResources/S_PortalActorIcon2.ubulk" 351
"../../../Engine/Content/EditorResources/S_PortalActorIcon2.uasset" 352
"../../../Engine/Content/EditorResources/S_PortalActorIcon2.uexp" 353
"../../../Engine/Content/EditorResources/S_Player.uasset" 354
"../../../Engine/Content/EditorResources/S_Player.uexp" 355
"../../../Engine/Content/EditorResources/S_Pawn.uasset" 356
"../../../Engine/Content/EditorResources/S_Pawn.uexp" 357
"../../../Engine/Content/EditorResources/S_Note.uasset" 358
"../../../Engine/Content/EditorResources/S_Note.uexp" 359
"../../../Engine/Content/EditorResources/S_NavP.ubulk" 360
"../../../Engine/Content/EditorResources/S_NavP.uasset" 361
"../../../Engine/Content/EditorResources/S_NavP.uexp" 362
"../../../Engine/Content/EditorResources/S_LevelSequence.ubulk" 363
"../../../Engine/Content/EditorResources/S_LevelSequence.uasset" 364
"../../../Engine/Content/EditorResources/S_LevelSequence.uexp" 365
"../../../Engine/Content/EditorResources/S_KPrismatic.ubulk" 366
"../../../Engine/Content/EditorResources/S_KPrismatic.uasset" 367
"../../../Engine/Content/EditorResources/S_KPrismatic.uexp" 368
"../../../Engine/Content/EditorResources/S_KHinge.ubulk" 369
"../../../Engine/Content/EditorResources/S_KHinge.uasset" 370
"../../../Engine/Content/EditorResources/S_KHinge.uexp" 371
"../../../Engine/Content/EditorResources/S_KBSJoint.ubulk" 372
"../../../Engine/Content/EditorResources/S_KBSJoint.uasset" 373
"../../../Engine/Content/EditorResources/S_KBSJoint.uexp" 374
"../../../Engine/Content/EditorResources/S_FTest.uasset" 375
"../../../Engine/Content/EditorResources/S_FTest.uexp" 376
"../../../Engine/Content/EditorResources/S_ForceFeedbackComponent_AutoActivate.uasset" 377
"../../../Engine/Content/EditorResources/S_ForceFeedbackComponent_AutoActivate.uexp" 378
"../../../Engine/Content/EditorResources/S_ForceFeedbackComponent.uasset" 379
"../../../Engine/Content/EditorResources/S_ForceFeedbackComponent.uexp" 380
"../../../Engine/Content/EditorResources/S_ExpoHeightFog.uasset" 381
"../../../Engine/Content/EditorResources/S_ExpoHeightFog.uexp" 382
"../../../Engine/Content/EditorResources/S_Emitter.uasset" 383
"../../../Engine/Content/EditorResources/S_Emitter.uexp" 384
"../../../Engine/Content/EditorResources/S_DecalActorIcon.uasset" 385
"../../../Engine/Content/EditorResources/S_DecalActorIcon.uexp" 386
"../../../Engine/Content/EditorResources/S_CameraShakeSource.uasset" 387
"../../../Engine/Content/EditorResources/S_CameraShakeSource.uexp" 388
"../../../Engine/Content/EditorResources/S_AtmosphericHeightFog.uasset" 389
"../../../Engine/Content/EditorResources/S_AtmosphericHeightFog.uexp" 390
"../../../Engine/Content/EditorResources/Spawn_Point.ubulk" 391
"../../../Engine/Content/EditorResources/Spawn_Point.uasset" 392
"../../../Engine/Content/EditorResources/Spawn_Point.uexp" 393
"../../../Engine/Content/EditorResources/SceneManager.ubulk" 394
"../../../Engine/Content/EditorResources/SceneManager.uasset" 395
"../../../Engine/Content/EditorResources/SceneManager.uexp" 396
"../../../Engine/Content/EditorResources/RGBTable16x1_AssetViewer.uasset" 397
"../../../Engine/Content/EditorResources/RGBTable16x1_AssetViewer.uexp" 398
"../../../Engine/Content/EditorResources/MatInstActSprite.uasset" 399
"../../../Engine/Content/EditorResources/MatInstActSprite.uexp" 400
"../../../Engine/Content/EditorResources/LevelInstance.ubulk" 401
"../../../Engine/Content/EditorResources/LevelInstance.uasset" 402
"../../../Engine/Content/EditorResources/LevelInstance.uexp" 403
"../../../Engine/Content/EditorResources/Goal_Waypoint.ubulk" 404
"../../../Engine/Content/EditorResources/Goal_Waypoint.uasset" 405
"../../../Engine/Content/EditorResources/Goal_Waypoint.uexp" 406
"../../../Engine/Content/EditorResources/EmptyActor.uasset" 407
"../../../Engine/Content/EditorResources/EmptyActor.uexp" 408
"../../../Engine/Content/EditorResources/BSPVertex.uasset" 409
"../../../Engine/Content/EditorResources/BSPVertex.uexp" 410
"../../../Engine/Content/EditorResources/BadHighlight.ubulk" 411
"../../../Engine/Content/EditorResources/BadHighlight.uasset" 412
"../../../Engine/Content/EditorResources/BadHighlight.uexp" 413
"../../../Engine/Content/EditorResources/BadBlueprintSprite.ubulk" 414
"../../../Engine/Content/EditorResources/BadBlueprintSprite.uasset" 415
"../../../Engine/Content/EditorResources/BadBlueprintSprite.uexp" 416
"../../../Engine/Content/EditorResources/Bad.ubulk" 417
"../../../Engine/Content/EditorResources/Bad.uasset" 418
"../../../Engine/Content/EditorResources/Bad.uexp" 419
"../../../Engine/Content/EditorResources/Ai_Spawnpoint.ubulk" 420
"../../../Engine/Content/EditorResources/Ai_Spawnpoint.uasset" 421
"../../../Engine/Content/EditorResources/Ai_Spawnpoint.uexp" 422
"../../../Engine/Content/Functions/Engine_MaterialFunctions02/Utility/MakeFloat4.uasset" 423
"../../../Engine/Content/Functions/Engine_MaterialFunctions02/Utility/MakeFloat4.uexp" 424
"../../../Engine/Content/EditorMaterials/WorldGridPreviewMaterial.uasset" 425
"../../../Engine/Content/EditorMaterials/WorldGridPreviewMaterial.uexp" 426
"../../../Engine/Content/EditorMaterials/WidgetVertexColorMaterial.uasset" 427
"../../../Engine/Content/EditorMaterials/WidgetVertexColorMaterial.uexp" 428
"../../../Engine/Content/EditorMaterials/WidgetMaterial_Z.uasset" 429
"../../../Engine/Content/EditorMaterials/WidgetMaterial_Z.uexp" 430
"../../../Engine/Content/EditorMaterials/WidgetMaterial_Y.uasset" 431
"../../../Engine/Content/EditorMaterials/WidgetMaterial_Y.uexp" 432
"../../../Engine/Content/EditorMaterials/WidgetMaterial_X.uasset" 433
"../../../Engine/Content/EditorMaterials/WidgetMaterial_X.uexp" 434
"../../../Engine/Content/EditorMaterials/WidgetMaterial_Current.uasset" 435
"../../../Engine/Content/EditorMaterials/WidgetMaterial_Current.uexp" 436
"../../../Engine/Content/EditorMaterials/WidgetMaterial.uasset" 437
"../../../Engine/Content/EditorMaterials/WidgetMaterial.uexp" 438
"../../../Engine/Content/EditorMaterials/WidgetGridVertexColorMaterial.ubulk" 439
"../../../Engine/Content/EditorMaterials/WidgetGridVertexColorMaterial.uasset" 440
"../../../Engine/Content/EditorMaterials/WidgetGridVertexColorMaterial.uexp" 441
"../../../Engine/Content/EditorMaterials/WidgetGridVertexColorMaterial_Ma.uasset" 442
"../../../Engine/Content/EditorMaterials/WidgetGridVertexColorMaterial_Ma.uexp" 443
"../../../Engine/Content/EditorMaterials/UnrealEdIcons.ubulk" 444
"../../../Engine/Content/EditorMaterials/UnrealEdIcons.uasset" 445
"../../../Engine/Content/EditorMaterials/UnrealEdIcons.uexp" 446
"../../../Engine/Content/EditorMaterials/T_1x1_Grid.ubulk" 447
"../../../Engine/Content/EditorMaterials/T_1x1_Grid.uasset" 448
"../../../Engine/Content/EditorMaterials/T_1x1_Grid.uexp" 449
"../../../Engine/Content/EditorMaterials/TreeArrow_ExpandedRealtimePreview.uasset" 450
"../../../Engine/Content/EditorMaterials/TreeArrow_ExpandedRealtimePreview.uexp" 451
"../../../Engine/Content/EditorMaterials/TreeArrow_Expanded.uasset" 452
"../../../Engine/Content/EditorMaterials/TreeArrow_Expanded.uexp" 453
"../../../Engine/Content/EditorMaterials/TreeArrow_Collapsed.uasset" 454
"../../../Engine/Content/EditorMaterials/TreeArrow_Collapsed.uexp" 455
"../../../Engine/Content/EditorMaterials/TransformGizmoMaterial.uasset" 456
"../../../Engine/Content/EditorMaterials/TransformGizmoMaterial.uexp" 457
"../../../Engine/Content/EditorMaterials/Tick.uasset" 458
"../../../Engine/Content/EditorMaterials/Tick.uexp" 459
"../../../Engine/Content/EditorMaterials/Tick_Mat.uasset" 460
"../../../Engine/Content/EditorMaterials/Tick_Mat.uexp" 461
"../../../Engine/Content/EditorResources/MaterialBackdrop.ubulk" 462
"../../../Engine/Content/EditorResources/MaterialBackdrop.uasset" 463
"../../../Engine/Content/EditorResources/MaterialBackdrop.uexp" 464
"../../../Engine/Content/EditorMaterials/ThumbnailBack.uasset" 465
"../../../Engine/Content/EditorMaterials/ThumbnailBack.uexp" 466
"../../../Engine/Content/EditorMaterials/TargetIconSpawn.ubulk" 467
"../../../Engine/Content/EditorMaterials/TargetIconSpawn.uasset" 468
"../../../Engine/Content/EditorMaterials/TargetIconSpawn.uexp" 469
"../../../Engine/Content/EditorMaterials/TargetIcon.ubulk" 470
"../../../Engine/Content/EditorMaterials/TargetIcon.uasset" 471
"../../../Engine/Content/EditorMaterials/TargetIcon.uexp" 472
"../../../Engine/Content/EditorMaterials/PreviewShadowIndicator.ubulk" 473
"../../../Engine/Content/EditorMaterials/PreviewShadowIndicator.uasset" 474
"../../../Engine/Content/EditorMaterials/PreviewShadowIndicator.uexp" 475
"../../../Engine/Content/EditorMaterials/PreviewShadowIndicatorMaterial.uasset" 476
"../../../Engine/Content/EditorMaterials/PreviewShadowIndicatorMaterial.uexp" 477
"../../../Engine/Content/EditorMaterials/PhAT_UnselectedMaterial.uasset" 478
"../../../Engine/Content/EditorMaterials/PhAT_UnselectedMaterial.uexp" 479
"../../../Engine/Content/EditorMaterials/PhAT_NoCollisionMaterial.uasset" 480
"../../../Engine/Content/EditorMaterials/PhAT_NoCollisionMaterial.uexp" 481
"../../../Engine/Content/EngineMaterials/PhAT_JointLimitMaterial.uasset" 482
"../../../Engine/Content/EngineMaterials/PhAT_JointLimitMaterial.uexp" 483
"../../../Engine/Content/EditorMaterials/PhAT_ElemSelectedMaterial.uasset" 484
"../../../Engine/Content/EditorMaterials/PhAT_ElemSelectedMaterial.uexp" 485
"../../../Engine/Content/EditorMaterials/PhAT_BoneSelectedMaterial.uasset" 486
"../../../Engine/Content/EditorMaterials/PhAT_BoneSelectedMaterial.uexp" 487
"../../../Engine/Content/MapTemplates/Sky/DaylightAmbientCubemap.uasset" 488
"../../../Engine/Content/MapTemplates/Sky/DaylightAmbientCubemap.uexp" 489
"../../../Engine/Content/EditorMaterials/PersonaSky.uasset" 490
"../../../Engine/Content/EditorMaterials/PersonaSky.uexp" 491
"../../../Engine/Content/EngineMaterials/Grid.ubulk" 492
"../../../Engine/Content/EngineMaterials/Grid.uasset" 493
"../../../Engine/Content/EngineMaterials/Grid.uexp" 494
"../../../Engine/Content/EditorResources/TilePatine_N.ubulk" 495
"../../../Engine/Content/EditorResources/TilePatine_N.uasset" 496
"../../../Engine/Content/EditorResources/TilePatine_N.uexp" 497
"../../../Engine/Content/EditorMaterials/AntialiasedGridFloor.uasset" 498
"../../../Engine/Content/EditorMaterials/AntialiasedGridFloor.uexp" 499
"../../../Engine/Content/EditorResources/TilePatine_D.ubulk" 500
"../../../Engine/Content/EditorResources/TilePatine_D.uasset" 501
"../../../Engine/Content/EditorResources/TilePatine_D.uexp" 502
"../../../Engine/Content/EditorMaterials/PersonaFloorMat.uasset" 503
"../../../Engine/Content/EditorMaterials/PersonaFloorMat.uexp" 504
"../../../Engine/Content/EditorMaterials/MatineeGreyGrad.uasset" 505
"../../../Engine/Content/EditorMaterials/MatineeGreyGrad.uexp" 506
"../../../Engine/Content/EditorResources/MatineeCam_D.uasset" 507
"../../../Engine/Content/EditorResources/MatineeCam_D.uexp" 508
"../../../Engine/Content/EditorMaterials/MatineeCam_mat.uasset" 509
"../../../Engine/Content/EditorMaterials/MatineeCam_mat.uexp" 510
"../../../Engine/Content/EditorMaterials/FakeLight.uasset" 511
"../../../Engine/Content/EditorMaterials/FakeLight.uexp" 512
"../../../Engine/Content/EditorMaterials/LevelTransformMaterial.uasset" 513
"../../../Engine/Content/EditorMaterials/LevelTransformMaterial.uexp" 514
"../../../Engine/Content/EditorResources/LevelGrid1DStripes.uasset" 515
"../../../Engine/Content/EditorResources/LevelGrid1DStripes.uexp" 516
"../../../Engine/Content/EditorMaterials/TextureGridCascaded1D.uasset" 517
"../../../Engine/Content/EditorMaterials/TextureGridCascaded1D.uexp" 518
"../../../Engine/Content/EditorMaterials/TextureGridCascaded2D.uasset" 519
"../../../Engine/Content/EditorMaterials/TextureGridCascaded2D.uexp" 520
"../../../Engine/Content/EditorMaterials/MakeCompositeARGBLayer.uasset" 521
"../../../Engine/Content/EditorMaterials/MakeCompositeARGBLayer.uexp" 522
"../../../Engine/Content/EditorMaterials/CompositeARGBLayer.uasset" 523
"../../../Engine/Content/EditorMaterials/CompositeARGBLayer.uexp" 524
"../../../Engine/Content/EditorMaterials/LevelGridMaterial2.uasset" 525
"../../../Engine/Content/EditorMaterials/LevelGridMaterial2.uexp" 526
"../../../Engine/Content/Functions/Engine_MaterialFunctions03/Procedurals/ComputeFilterWidth.uasset" 527
"../../../Engine/Content/Functions/Engine_MaterialFunctions03/Procedurals/ComputeFilterWidth.uexp" 528
"../../../Engine/Content/EditorMaterials/TilingAALineIntegral.uasset" 529
"../../../Engine/Content/EditorMaterials/TilingAALineIntegral.uexp" 530
"../../../Engine/Content/EditorMaterials/TilingAALineBoxFiltered.uasset" 531
"../../../Engine/Content/EditorMaterials/TilingAALineBoxFiltered.uexp" 532
"../../../Engine/Content/EditorMaterials/TilingAADots.uasset" 533
"../../../Engine/Content/EditorMaterials/TilingAADots.uexp" 534
"../../../Engine/Content/EngineMaterials/BlendFunc_DefBlend.uasset" 535
"../../../Engine/Content/EngineMaterials/BlendFunc_DefBlend.uexp" 536
"../../../Engine/Content/EngineMaterials/BlendFunc_DefBase.uasset" 537
"../../../Engine/Content/EngineMaterials/BlendFunc_DefBase.uexp" 538
"../../../Engine/Content/Functions/Engine_MaterialFunctions03/Blends/Blend_Screen.uasset" 539
"../../../Engine/Content/Functions/Engine_MaterialFunctions03/Blends/Blend_Screen.uexp" 540
"../../../Engine/Content/EditorMaterials/TilingAAGrid.uasset" 541
"../../../Engine/Content/EditorMaterials/TilingAAGrid.uexp" 542
"../../../Engine/Content/EditorMaterials/LevelGridMaterial.uasset" 543
"../../../Engine/Content/EditorMaterials/LevelGridMaterial.uexp" 544
"../../../Engine/Content/EditorResources/T_EditorHelp.ubulk" 545
"../../../Engine/Content/EditorResources/T_EditorHelp.uasset" 546
"../../../Engine/Content/EditorResources/T_EditorHelp.uexp" 547
"../../../Engine/Content/Functions/Engine_MaterialFunctions02/ExampleContent/DebugNumberStrip.uasset" 548
"../../../Engine/Content/Functions/Engine_MaterialFunctions02/ExampleContent/DebugNumberStrip.uexp" 549
"../../../Engine/Content/Functions/Engine_MaterialFunctions01/Texturing/ComputeMipLevel.uasset" 550
"../../../Engine/Content/Functions/Engine_MaterialFunctions01/Texturing/ComputeMipLevel.uexp" 551
"../../../Engine/Content/Functions/Engine_MaterialFunctions01/Texturing/TextureCropping.uasset" 552
"../../../Engine/Content/Functions/Engine_MaterialFunctions01/Texturing/TextureCropping.uexp" 553
"../../../Engine/Content/Functions/Engine_MaterialFunctions02/ExampleContent/Textures/DebugNumberPeriod.uasset" 554
"../../../Engine/Content/Functions/Engine_MaterialFunctions02/ExampleContent/Textures/DebugNumberPeriod.uexp" 555
"../../../Engine/Content/Functions/Engine_MaterialFunctions02/Utility/DebugScalarValues.uasset" 556
"../../../Engine/Content/Functions/Engine_MaterialFunctions02/Utility/DebugScalarValues.uexp" 557
"../../../Engine/Content/Functions/Engine_MaterialFunctions02/Utility/DebugFloat2Values.uasset" 558
"../../../Engine/Content/Functions/Engine_MaterialFunctions02/Utility/DebugFloat2Values.uexp" 559
"../../../Engine/Content/Functions/Engine_MaterialFunctions02/ExampleContent/Textures/flipbook.ubulk" 560
"../../../Engine/Content/Functions/Engine_MaterialFunctions02/ExampleContent/Textures/flipbook.uasset" 561
"../../../Engine/Content/Functions/Engine_MaterialFunctions02/ExampleContent/Textures/flipbook.uexp" 562
"../../../Engine/Content/Functions/Engine_MaterialFunctions02/Texturing/FlipBook.uasset" 563
"../../../Engine/Content/Functions/Engine_MaterialFunctions02/Texturing/FlipBook.uexp" 564
"../../../Engine/Content/EditorMaterials/HelpActorMaterial.uasset" 565
"../../../Engine/Content/EditorMaterials/HelpActorMaterial.uexp" 566
"../../../Engine/Content/Functions/Engine_MaterialFunctions01/Shading/ConvertFromDiffSpec.uasset" 567
"../../../Engine/Content/Functions/Engine_MaterialFunctions01/Shading/ConvertFromDiffSpec.uexp" 568
"../../../Engine/Content/EditorMaterials/GridMaterial.uasset" 569
"../../../Engine/Content/EditorMaterials/GridMaterial.uexp" 570
"../../../Engine/Content/EngineMaterials/GizmoMaterial.uasset" 571
"../../../Engine/Content/EngineMaterials/GizmoMaterial.uexp" 572
"../../../Engine/Content/EditorMaterials/Frac_ElementMaterial.uasset" 573
"../../../Engine/Content/EditorMaterials/Frac_ElementMaterial.uexp" 574
"../../../Engine/Content/EditorMaterials/Cross.uasset" 575
"../../../Engine/Content/EditorMaterials/Cross.uexp" 576
"../../../Engine/Content/EditorMaterials/Cross_Mat.uasset" 577
"../../../Engine/Content/EditorMaterials/Cross_Mat.uexp" 578
"../../../Engine/Content/EditorMaterials/GreyCheck.uasset" 579
"../../../Engine/Content/EditorMaterials/GreyCheck.uexp" 580
"../../../Engine/Content/EditorMaterials/CheckMaterial.uasset" 581
"../../../Engine/Content/EditorMaterials/CheckMaterial.uexp" 582
"../../../Engine/Content/EditorMaterials/CASC_ModuleEnab_2.uasset" 583
"../../../Engine/Content/EditorMaterials/CASC_ModuleEnab_2.uexp" 584
"../../../Engine/Content/EditorMaterials/CASC_Curve_2.uasset" 585
"../../../Engine/Content/EditorMaterials/CASC_Curve_2.uexp" 586
"../../../Engine/Content/EditorMaterials/Anchor.uasset" 587
"../../../Engine/Content/EditorMaterials/Anchor.uexp" 588
"../../../Engine/Content/EditorLandscapeResources/DefaultAlphaTexture.uasset" 589
"../../../Engine/Content/EditorLandscapeResources/DefaultAlphaTexture.uexp" 590
"../../../Engine/Content/BasicShapes/BasicShapeMaterial.uasset" 591
"../../../Engine/Content/BasicShapes/BasicShapeMaterial.uexp" 592
"F:/Study/The-final-game/horror/Content/Fix/TilingAALineIntegral_New.uasset" 593
"F:/Study/The-final-game/horror/Content/Fix/TilingAALineIntegral_New.uexp" 594
"F:/Study/The-final-game/horror/Content/Fix/TilingAALineBoxFiltered_New.uasset" 595
"F:/Study/The-final-game/horror/Content/Fix/TilingAALineBoxFiltered_New.uexp" 596
"F:/Study/The-final-game/horror/Content/CharacterHUD/Logo.uasset" 597
"F:/Study/The-final-game/horror/Content/CharacterHUD/Logo.uexp" 598
"../../../Engine/Plugins/Animation/ACLPlugin/Content/ACLAnimBoneCompressionSettings.uasset" 599
"../../../Engine/Plugins/Animation/ACLPlugin/Content/ACLAnimBoneCompressionSettings.uexp" 600
"../../../Engine/Content/Animation/DefaultVariableFrameStrippingSettings.uasset" 601
"../../../Engine/Content/Animation/DefaultVariableFrameStrippingSettings.uexp" 602
"F:/Study/The-final-game/horror/Content/MainCharacter/character_Skeleton.uasset" 603
"F:/Study/The-final-game/horror/Content/MainCharacter/character_Skeleton.uexp" 604
"../../../Engine/Plugins/Animation/ACLPlugin/Content/ACLAnimCurveCompressionSettings.uasset" 605
"../../../Engine/Plugins/Animation/ACLPlugin/Content/ACLAnimCurveCompressionSettings.uexp" 606
"F:/Study/The-final-game/horror/Content/MainCharacter/FightAnimations/TakeSword.uasset" 607
"F:/Study/The-final-game/horror/Content/MainCharacter/FightAnimations/TakeSword.uexp" 608
"F:/Study/The-final-game/horror/Content/MainCharacter/FightAnimations/ShowWeapon.uasset" 609
"F:/Study/The-final-game/horror/Content/MainCharacter/FightAnimations/ShowWeapon.uexp" 610
"F:/Study/The-final-game/horror/Content/MainCharacter/character_PhysicsAsset.uasset" 611
"F:/Study/The-final-game/horror/Content/MainCharacter/character_PhysicsAsset.uexp" 612
"F:/Study/The-final-game/horror/Content/MainCharacter/Materials/SpacePirate_normal.ubulk" 613
"F:/Study/The-final-game/horror/Content/MainCharacter/Materials/SpacePirate_normal.uasset" 614
"F:/Study/The-final-game/horror/Content/MainCharacter/Materials/SpacePirate_normal.uexp" 615
"F:/Study/The-final-game/horror/Content/MainCharacter/Materials/SpacePirate_specular.ubulk" 616
"F:/Study/The-final-game/horror/Content/MainCharacter/Materials/SpacePirate_specular.uasset" 617
"F:/Study/The-final-game/horror/Content/MainCharacter/Materials/SpacePirate_specular.uexp" 618
"../../../Engine/Plugins/Interchange/Assets/Content/Functions/MF_PhongToMetalRoughness.uasset" 619
"../../../Engine/Plugins/Interchange/Assets/Content/Functions/MF_PhongToMetalRoughness.uexp" 620
"F:/Study/The-final-game/horror/Content/MainCharacter/Materials/SpacePirate_diffuse.ubulk" 621
"F:/Study/The-final-game/horror/Content/MainCharacter/Materials/SpacePirate_diffuse.uasset" 622
"F:/Study/The-final-game/horror/Content/MainCharacter/Materials/SpacePirate_diffuse.uexp" 623
"F:/Study/The-final-game/horror/Content/MainCharacter/Materials/SpacePirate_M.uasset" 624
"F:/Study/The-final-game/horror/Content/MainCharacter/Materials/SpacePirate_M.uexp" 625
"F:/Study/The-final-game/horror/Content/MainCharacter/character.uasset" 626
"F:/Study/The-final-game/horror/Content/MainCharacter/character.uexp" 627
"F:/Study/The-final-game/horror/Content/CharacterHUD/logo1.uasset" 628
"F:/Study/The-final-game/horror/Content/CharacterHUD/logo1.uexp" 629
"F:/Study/The-final-game/horror/Content/CharacterHUD/WB_HUD.uasset" 630
"F:/Study/The-final-game/horror/Content/CharacterHUD/WB_HUD.uexp" 631
"F:/Study/The-final-game/horror/Content/MainCharacter/Animations/Swimming.uasset" 632
"F:/Study/The-final-game/horror/Content/MainCharacter/Animations/Swimming.uexp" 633
"F:/Study/The-final-game/horror/Content/MainCharacter/Animations/BS_Swimming.uasset" 634
"F:/Study/The-final-game/horror/Content/MainCharacter/Animations/BS_Swimming.uexp" 635
"F:/Study/The-final-game/horror/Content/MainCharacter/Audio/SoundStep_1.ubulk" 636
"F:/Study/The-final-game/horror/Content/MainCharacter/Audio/SoundStep_1.uasset" 637
"F:/Study/The-final-game/horror/Content/MainCharacter/Audio/SoundStep_1.uexp" 638
"F:/Study/The-final-game/horror/Content/MainCharacter/Audio/SoundStep_2.ubulk" 639
"F:/Study/The-final-game/horror/Content/MainCharacter/Audio/SoundStep_2.uasset" 640
"F:/Study/The-final-game/horror/Content/MainCharacter/Audio/SoundStep_2.uexp" 641
"F:/Study/The-final-game/horror/Content/MainCharacter/Audio/SC_SoundWalk.uasset" 642
"F:/Study/The-final-game/horror/Content/MainCharacter/Audio/SC_SoundWalk.uexp" 643
"F:/Study/The-final-game/horror/Content/MainCharacter/Animations/Right_Strafe_Walk__1_.uasset" 644
"F:/Study/The-final-game/horror/Content/MainCharacter/Animations/Right_Strafe_Walk__1_.uexp" 645
"F:/Study/The-final-game/horror/Content/MainCharacter/Animations/Walking.uasset" 646
"F:/Study/The-final-game/horror/Content/MainCharacter/Animations/Walking.uexp" 647
"F:/Study/The-final-game/horror/Content/MainCharacter/Animations/Left_Strafe_Walk__1_.uasset" 648
"F:/Study/The-final-game/horror/Content/MainCharacter/Animations/Left_Strafe_Walk__1_.uexp" 649
"F:/Study/The-final-game/horror/Content/MainCharacter/Animations/Running.uasset" 650
"F:/Study/The-final-game/horror/Content/MainCharacter/Animations/Running.uexp" 651
"F:/Study/The-final-game/horror/Content/MainCharacter/Animations/Idle.uasset" 652
"F:/Study/The-final-game/horror/Content/MainCharacter/Animations/Idle.uexp" 653
"F:/Study/The-final-game/horror/Content/MainCharacter/Animations/Walking_Backwards.uasset" 654
"F:/Study/The-final-game/horror/Content/MainCharacter/Animations/Walking_Backwards.uexp" 655
"F:/Study/The-final-game/horror/Content/MainCharacter/Animations/BS_Anim.uasset" 656
"F:/Study/The-final-game/horror/Content/MainCharacter/Animations/BS_Anim.uexp" 657
"F:/Study/The-final-game/horror/Content/MainCharacter/Animations/Jump.uasset" 658
"F:/Study/The-final-game/horror/Content/MainCharacter/Animations/Jump.uexp" 659
"F:/Study/The-final-game/horror/Content/MainCharacter/Animations/CrouchIdle.uasset" 660
"F:/Study/The-final-game/horror/Content/MainCharacter/Animations/CrouchIdle.uexp" 661
"F:/Study/The-final-game/horror/Content/MainCharacter/Animations/Crouched_Walking.uasset" 662
"F:/Study/The-final-game/horror/Content/MainCharacter/Animations/Crouched_Walking.uexp" 663
"F:/Study/The-final-game/horror/Content/MainCharacter/Animations/BS_Crouching.uasset" 664
"F:/Study/The-final-game/horror/Content/MainCharacter/Animations/BS_Crouching.uexp" 665
"../../../Engine/Content/Animation/DefaultAnimCurveCompressionSettings.uasset" 666
"../../../Engine/Content/Animation/DefaultAnimCurveCompressionSettings.uexp" 667
"../../../Engine/Content/Animation/DefaultAnimBoneCompressionSettings.uasset" 668
"../../../Engine/Content/Animation/DefaultAnimBoneCompressionSettings.uexp" 669
"F:/Study/The-final-game/horror/Content/Bow/Animations/Standing_Aim_Overdraw.uasset" 670
"F:/Study/The-final-game/horror/Content/Bow/Animations/Standing_Aim_Overdraw.uexp" 671
"F:/Study/The-final-game/horror/Content/Bow/Animations/Aim_Down.uasset" 672
"F:/Study/The-final-game/horror/Content/Bow/Animations/Aim_Down.uexp" 673
"F:/Study/The-final-game/horror/Content/Bow/Animations/Aim_Idle.uasset" 674
"F:/Study/The-final-game/horror/Content/Bow/Animations/Aim_Idle.uexp" 675
"F:/Study/The-final-game/horror/Content/Bow/Animations/Aim_Up.uasset" 676
"F:/Study/The-final-game/horror/Content/Bow/Animations/Aim_Up.uexp" 677
"F:/Study/The-final-game/horror/Content/Bow/Animations/Aim_Right.uasset" 678
"F:/Study/The-final-game/horror/Content/Bow/Animations/Aim_Right.uexp" 679
"F:/Study/The-final-game/horror/Content/Bow/Animations/Aim_Left.uasset" 680
"F:/Study/The-final-game/horror/Content/Bow/Animations/Aim_Left.uexp" 681
"F:/Study/The-final-game/horror/Content/Bow/Animations/AO_AimBow.uasset" 682
"F:/Study/The-final-game/horror/Content/Bow/Animations/AO_AimBow.uexp" 683
"../../../Engine/Content/EditorBlueprintResources/StandardMacros.uasset" 684
"../../../Engine/Content/EditorBlueprintResources/StandardMacros.uexp" 685
"F:/Study/The-final-game/horror/Content/MainCharacter/BPI_Interaction.uasset" 686
"F:/Study/The-final-game/horror/Content/MainCharacter/BPI_Interaction.uexp" 687
"F:/Study/The-final-game/horror/Content/MainCharacter/Animations/BPA_Anim.uasset" 688
"F:/Study/The-final-game/horror/Content/MainCharacter/Animations/BPA_Anim.uexp" 689
"F:/Study/The-final-game/horror/Content/MainCharacter/FightAnimations/AttackAnimation/ThirdAnimation.uasset" 690
"F:/Study/The-final-game/horror/Content/MainCharacter/FightAnimations/AttackAnimation/ThirdAnimation.uexp" 691
"F:/Study/The-final-game/horror/Content/Weapon/Trail/M_Trail.uasset" 692
"F:/Study/The-final-game/horror/Content/Weapon/Trail/M_Trail.uexp" 693
"F:/Study/The-final-game/horror/Content/Weapon/Trail/P_Particle.uasset" 694
"F:/Study/The-final-game/horror/Content/Weapon/Trail/P_Particle.uexp" 695
"F:/Study/The-final-game/horror/Content/Blood/blood1.uasset" 696
"F:/Study/The-final-game/horror/Content/Blood/blood1.uexp" 697
"F:/Study/The-final-game/horror/Content/Blood/D_Blood1.uasset" 698
"F:/Study/The-final-game/horror/Content/Blood/D_Blood1.uexp" 699
"F:/Study/The-final-game/horror/Content/enemy1/material/MaleBruteA_Moustache_specular.ubulk" 700
"F:/Study/The-final-game/horror/Content/enemy1/material/MaleBruteA_Moustache_specular.uasset" 701
"F:/Study/The-final-game/horror/Content/enemy1/material/MaleBruteA_Moustache_specular.uexp" 702
"../../../Engine/Content/Functions/Engine_MaterialFunctions03/Procedurals/NormalFromHeightmap.uasset" 703
"../../../Engine/Content/Functions/Engine_MaterialFunctions03/Procedurals/NormalFromHeightmap.uexp" 704
"F:/Study/The-final-game/horror/Content/enemy1/material/MaleBruteA_Moustache_normal.ubulk" 705
"F:/Study/The-final-game/horror/Content/enemy1/material/MaleBruteA_Moustache_normal.uasset" 706
"F:/Study/The-final-game/horror/Content/enemy1/material/MaleBruteA_Moustache_normal.uexp" 707
"../../../Engine/Content/EngineResources/DefaultTexture.ubulk" 708
"../../../Engine/Content/EngineResources/DefaultTexture.uasset" 709
"../../../Engine/Content/EngineResources/DefaultTexture.uexp" 710
"F:/Study/The-final-game/horror/Content/enemy1/material/MaleBruteA_Moustache_diffuse.ubulk" 711
"F:/Study/The-final-game/horror/Content/enemy1/material/MaleBruteA_Moustache_diffuse.uasset" 712
"F:/Study/The-final-game/horror/Content/enemy1/material/MaleBruteA_Moustache_diffuse.uexp" 713
"F:/Study/The-final-game/horror/Content/enemy1/material/MaleBruteA_Moustache5.uasset" 714
"F:/Study/The-final-game/horror/Content/enemy1/material/MaleBruteA_Moustache5.uexp" 715
"F:/Study/The-final-game/horror/Content/enemy1/material/MaleBruteA_Hair_diffuse.ubulk" 716
"F:/Study/The-final-game/horror/Content/enemy1/material/MaleBruteA_Hair_diffuse.uasset" 717
"F:/Study/The-final-game/horror/Content/enemy1/material/MaleBruteA_Hair_diffuse.uexp" 718
"F:/Study/The-final-game/horror/Content/enemy1/material/MaleBruteA_Hair_normal.ubulk" 719
"F:/Study/The-final-game/horror/Content/enemy1/material/MaleBruteA_Hair_normal.uasset" 720
"F:/Study/The-final-game/horror/Content/enemy1/material/MaleBruteA_Hair_normal.uexp" 721
"F:/Study/The-final-game/horror/Content/enemy1/material/MaleBruteA_Hair_specular.ubulk" 722
"F:/Study/The-final-game/horror/Content/enemy1/material/MaleBruteA_Hair_specular.uasset" 723
"F:/Study/The-final-game/horror/Content/enemy1/material/MaleBruteA_Hair_specular.uexp" 724
"F:/Study/The-final-game/horror/Content/enemy1/material/MaleBruteA_Hair6.uasset" 725
"F:/Study/The-final-game/horror/Content/enemy1/material/MaleBruteA_Hair6.uexp" 726
"F:/Study/The-final-game/horror/Content/enemy1/material/MaleBruteA_Shoes_specular.ubulk" 727
"F:/Study/The-final-game/horror/Content/enemy1/material/MaleBruteA_Shoes_specular.uasset" 728
"F:/Study/The-final-game/horror/Content/enemy1/material/MaleBruteA_Shoes_specular.uexp" 729
"F:/Study/The-final-game/horror/Content/enemy1/material/MaleBruteA_Shoes_diffuse1.ubulk" 730
"F:/Study/The-final-game/horror/Content/enemy1/material/MaleBruteA_Shoes_diffuse1.uasset" 731
"F:/Study/The-final-game/horror/Content/enemy1/material/MaleBruteA_Shoes_diffuse1.uexp" 732
"F:/Study/The-final-game/horror/Content/enemy1/material/MaleBruteA_Shoes_normal.ubulk" 733
"F:/Study/The-final-game/horror/Content/enemy1/material/MaleBruteA_Shoes_normal.uasset" 734
"F:/Study/The-final-game/horror/Content/enemy1/material/MaleBruteA_Shoes_normal.uexp" 735
"F:/Study/The-final-game/horror/Content/enemy1/material/MaleBruteA_Shoes6.uasset" 736
"F:/Study/The-final-game/horror/Content/enemy1/material/MaleBruteA_Shoes6.uexp" 737
"F:/Study/The-final-game/horror/Content/enemy1/material/axe_SPEC.ubulk" 738
"F:/Study/The-final-game/horror/Content/enemy1/material/axe_SPEC.uasset" 739
"F:/Study/The-final-game/horror/Content/enemy1/material/axe_SPEC.uexp" 740
"F:/Study/The-final-game/horror/Content/enemy1/material/axe_DIF2.ubulk" 741
"F:/Study/The-final-game/horror/Content/enemy1/material/axe_DIF2.uasset" 742
"F:/Study/The-final-game/horror/Content/enemy1/material/axe_DIF2.uexp" 743
"F:/Study/The-final-game/horror/Content/enemy1/material/axe_NM2.ubulk" 744
"F:/Study/The-final-game/horror/Content/enemy1/material/axe_NM2.uasset" 745
"F:/Study/The-final-game/horror/Content/enemy1/material/axe_NM2.uexp" 746
"F:/Study/The-final-game/horror/Content/enemy1/material/blinn7.uasset" 747
"F:/Study/The-final-game/horror/Content/enemy1/material/blinn7.uexp" 748
"F:/Study/The-final-game/horror/Content/enemy1/material/MaleBruteA_Body_diffuse.ubulk" 749
"F:/Study/The-final-game/horror/Content/enemy1/material/MaleBruteA_Body_diffuse.uasset" 750
"F:/Study/The-final-game/horror/Content/enemy1/material/MaleBruteA_Body_diffuse.uexp" 751
"F:/Study/The-final-game/horror/Content/enemy1/material/Lashes_MAT4.uasset" 752
"F:/Study/The-final-game/horror/Content/enemy1/material/Lashes_MAT4.uexp" 753
"F:/Study/The-final-game/horror/Content/enemy1/material/MaleBruteA_Body_diffuse1.ubulk" 754
"F:/Study/The-final-game/horror/Content/enemy1/material/MaleBruteA_Body_diffuse1.uasset" 755
"F:/Study/The-final-game/horror/Content/enemy1/material/MaleBruteA_Body_diffuse1.uexp" 756
"F:/Study/The-final-game/horror/Content/enemy1/material/MaleBruteA_StdNM.ubulk" 757
"F:/Study/The-final-game/horror/Content/enemy1/material/MaleBruteA_StdNM.uasset" 758
"F:/Study/The-final-game/horror/Content/enemy1/material/MaleBruteA_StdNM.uexp" 759
"F:/Study/The-final-game/horror/Content/enemy1/material/EyeSpec_MAT2.uasset" 760
"F:/Study/The-final-game/horror/Content/enemy1/material/EyeSpec_MAT2.uexp" 761
"F:/Study/The-final-game/horror/Content/enemy1/Brute_Skeleton.uasset" 762
"F:/Study/The-final-game/horror/Content/enemy1/Brute_Skeleton.uexp" 763
"F:/Study/The-final-game/horror/Content/enemy1/Brute_PhysicsAsset.uasset" 764
"F:/Study/The-final-game/horror/Content/enemy1/Brute_PhysicsAsset.uexp" 765
"F:/Study/The-final-game/horror/Content/enemy1/material/EyeSpec_MAT4.uasset" 766
"F:/Study/The-final-game/horror/Content/enemy1/material/EyeSpec_MAT4.uexp" 767
"F:/Study/The-final-game/horror/Content/enemy1/material/MaleBruteA_Bottom_diffuse1.ubulk" 768
"F:/Study/The-final-game/horror/Content/enemy1/material/MaleBruteA_Bottom_diffuse1.uasset" 769
"F:/Study/The-final-game/horror/Content/enemy1/material/MaleBruteA_Bottom_diffuse1.uexp" 770
"F:/Study/The-final-game/horror/Content/enemy1/material/MaleBruteA_Bottom_normal.ubulk" 771
"F:/Study/The-final-game/horror/Content/enemy1/material/MaleBruteA_Bottom_normal.uasset" 772
"F:/Study/The-final-game/horror/Content/enemy1/material/MaleBruteA_Bottom_normal.uexp" 773
"F:/Study/The-final-game/horror/Content/enemy1/material/MaleBruteA_Bottom_specular.ubulk" 774
"F:/Study/The-final-game/horror/Content/enemy1/material/MaleBruteA_Bottom_specular.uasset" 775
"F:/Study/The-final-game/horror/Content/enemy1/material/MaleBruteA_Bottom_specular.uexp" 776
"F:/Study/The-final-game/horror/Content/enemy1/material/MaleBruteA_Bottom5.uasset" 777
"F:/Study/The-final-game/horror/Content/enemy1/material/MaleBruteA_Bottom5.uexp" 778
"F:/Study/The-final-game/horror/Content/enemy1/material/phong4.uasset" 779
"F:/Study/The-final-game/horror/Content/enemy1/material/phong4.uexp" 780
"F:/Study/The-final-game/horror/Content/enemy1/material/Body_MAT4.uasset" 781
"F:/Study/The-final-game/horror/Content/enemy1/material/Body_MAT4.uexp" 782
"F:/Study/The-final-game/horror/Content/enemy1/Brute.uasset" 783
"F:/Study/The-final-game/horror/Content/enemy1/Brute.uexp" 784
"F:/Study/The-final-game/horror/Content/TargetLock/TargetLock.uasset" 785
"F:/Study/The-final-game/horror/Content/TargetLock/TargetLock.uexp" 786
"F:/Study/The-final-game/horror/Content/TargetLock/D_TargetLock.uasset" 787
"F:/Study/The-final-game/horror/Content/TargetLock/D_TargetLock.uexp" 788
"F:/Study/The-final-game/horror/Content/enemy1/Animations/Death2.uasset" 789
"F:/Study/The-final-game/horror/Content/enemy1/Animations/Death2.uexp" 790
"F:/Study/The-final-game/horror/Content/enemy1/Animations/Death2_Montage.uasset" 791
"F:/Study/The-final-game/horror/Content/enemy1/Animations/Death2_Montage.uexp" 792
"F:/Study/The-final-game/horror/Content/enemy1/Animations/Idle.uasset" 793
"F:/Study/The-final-game/horror/Content/enemy1/Animations/Idle.uexp" 794
"F:/Study/The-final-game/horror/Content/enemy1/Animations/Run.uasset" 795
"F:/Study/The-final-game/horror/Content/enemy1/Animations/Run.uexp" 796
"F:/Study/The-final-game/horror/Content/enemy1/Animations/BS_Brute.uasset" 797
"F:/Study/The-final-game/horror/Content/enemy1/Animations/BS_Brute.uexp" 798
"F:/Study/The-final-game/horror/Content/enemy1/Animations/BP_AnimationsBrute.uasset" 799
"F:/Study/The-final-game/horror/Content/enemy1/Animations/BP_AnimationsBrute.uexp" 800
"F:/Study/The-final-game/horror/Content/enemy1/Animations/HitReact2.uasset" 801
"F:/Study/The-final-game/horror/Content/enemy1/Animations/HitReact2.uexp" 802
"F:/Study/The-final-game/horror/Content/enemy1/Animations/HitReact2_Montage.uasset" 803
"F:/Study/The-final-game/horror/Content/enemy1/Animations/HitReact2_Montage.uexp" 804
"F:/Study/The-final-game/horror/Content/enemy1/Animations/Attack.uasset" 805
"F:/Study/The-final-game/horror/Content/enemy1/Animations/Attack.uexp" 806
"F:/Study/The-final-game/horror/Content/enemy1/Animations/Attack_Montage.uasset" 807
"F:/Study/The-final-game/horror/Content/enemy1/Animations/Attack_Montage.uexp" 808
"F:/Study/The-final-game/horror/Content/enemy1/Animations/Attack2.uasset" 809
"F:/Study/The-final-game/horror/Content/enemy1/Animations/Attack2.uexp" 810
"F:/Study/The-final-game/horror/Content/enemy1/Animations/Attack2_Montage.uasset" 811
"F:/Study/The-final-game/horror/Content/enemy1/Animations/Attack2_Montage.uexp" 812
"F:/Study/The-final-game/horror/Content/enemy1/AI/BTTask_Attack.uasset" 813
"F:/Study/The-final-game/horror/Content/enemy1/AI/BTTask_Attack.uexp" 814
"F:/Study/The-final-game/horror/Content/enemy1/AI/BB_Enemy.uasset" 815
"F:/Study/The-final-game/horror/Content/enemy1/AI/BB_Enemy.uexp" 816
"F:/Study/The-final-game/horror/Content/enemy1/AI/BTService_TargetLacation.uasset" 817
"F:/Study/The-final-game/horror/Content/enemy1/AI/BTService_TargetLacation.uexp" 818
"F:/Study/The-final-game/horror/Content/enemy1/AI/BT_Enemy.uasset" 819
"F:/Study/The-final-game/horror/Content/enemy1/AI/BT_Enemy.uexp" 820
"F:/Study/The-final-game/horror/Content/enemy1/AI/AIC_Enemy.uasset" 821
"F:/Study/The-final-game/horror/Content/enemy1/AI/AIC_Enemy.uexp" 822
"F:/Study/The-final-game/horror/Content/enemy1/HealthWidget_Enemy.uasset" 823
"F:/Study/The-final-game/horror/Content/enemy1/HealthWidget_Enemy.uexp" 824
"F:/Study/The-final-game/horror/Content/enemy1/Animations/HitReact1.uasset" 825
"F:/Study/The-final-game/horror/Content/enemy1/Animations/HitReact1.uexp" 826
"F:/Study/The-final-game/horror/Content/enemy1/Animations/HitReact1_Montage.uasset" 827
"F:/Study/The-final-game/horror/Content/enemy1/Animations/HitReact1_Montage.uexp" 828
"F:/Study/The-final-game/horror/Content/enemy1/Animations/Death1.uasset" 829
"F:/Study/The-final-game/horror/Content/enemy1/Animations/Death1.uexp" 830
"F:/Study/The-final-game/horror/Content/enemy1/Animations/Death1_Montage.uasset" 831
"F:/Study/The-final-game/horror/Content/enemy1/Animations/Death1_Montage.uexp" 832
"F:/Study/The-final-game/horror/Content/enemy1/BP_Brute.uasset" 833
"F:/Study/The-final-game/horror/Content/enemy1/BP_Brute.uexp" 834
"F:/Study/The-final-game/horror/Content/Blood/blood2.uasset" 835
"F:/Study/The-final-game/horror/Content/Blood/blood2.uexp" 836
"F:/Study/The-final-game/horror/Content/Blood/D_Blood2.uasset" 837
"F:/Study/The-final-game/horror/Content/Blood/D_Blood2.uexp" 838
"F:/Study/The-final-game/horror/Content/MainCharacter/HitActor.uasset" 839
"F:/Study/The-final-game/horror/Content/MainCharacter/HitActor.uexp" 840
"F:/Study/The-final-game/horror/Content/MainCharacter/FightAnimations/AttackAnimation/AttackSecondMontage.uasset" 841
"F:/Study/The-final-game/horror/Content/MainCharacter/FightAnimations/AttackAnimation/AttackSecondMontage.uexp" 842
"F:/Study/The-final-game/horror/Content/Bow/Animations/Standing_Aim_Overdraw_Montage.uasset" 843
"F:/Study/The-final-game/horror/Content/Bow/Animations/Standing_Aim_Overdraw_Montage.uexp" 844
"F:/Study/The-final-game/horror/Content/Bow/ArrowPNG.uasset" 845
"F:/Study/The-final-game/horror/Content/Bow/ArrowPNG.uexp" 846
"F:/Study/The-final-game/horror/Content/Bow/Crosshair.uasset" 847
"F:/Study/The-final-game/horror/Content/Bow/Crosshair.uexp" 848
"F:/Study/The-final-game/horror/Content/Bow/WB_Crosshair.uasset" 849
"F:/Study/The-final-game/horror/Content/Bow/WB_Crosshair.uexp" 850
"F:/Study/The-final-game/horror/Content/MainCharacter/Audio/SoundJump.ubulk" 851
"F:/Study/The-final-game/horror/Content/MainCharacter/Audio/SoundJump.uasset" 852
"F:/Study/The-final-game/horror/Content/MainCharacter/Audio/SoundJump.uexp" 853
"F:/Study/The-final-game/horror/Content/MainCharacter/BP_SaveGame.uasset" 854
"F:/Study/The-final-game/horror/Content/MainCharacter/BP_SaveGame.uexp" 855
"F:/Study/The-final-game/horror/Content/level/MainMenu/WB_Pause.uasset" 856
"F:/Study/The-final-game/horror/Content/level/MainMenu/WB_Pause.uexp" 857
"F:/Study/The-final-game/horror/Content/NPC/dialogue/DialogueWidget.uasset" 858
"F:/Study/The-final-game/horror/Content/NPC/dialogue/DialogueWidget.uexp" 859
"F:/Study/The-final-game/horror/Content/NPC/dialogue/DialogueController.uasset" 860
"F:/Study/The-final-game/horror/Content/NPC/dialogue/DialogueController.uexp" 861
"F:/Study/The-final-game/horror/Content/NPC/dialogue/CharacterResponsesList.uasset" 862
"F:/Study/The-final-game/horror/Content/NPC/dialogue/CharacterResponsesList.uexp" 863
"F:/Study/The-final-game/horror/Content/NPC/dialogue/CharacterTextButton.uasset" 864
"F:/Study/The-final-game/horror/Content/NPC/dialogue/CharacterTextButton.uexp" 865
"F:/Study/The-final-game/horror/Content/NPC/dialogue/BT_CharacterResponses.uasset" 866
"F:/Study/The-final-game/horror/Content/NPC/dialogue/BT_CharacterResponses.uexp" 867
"F:/Study/The-final-game/horror/Content/NPC/dialogue/BT_ResponceDecorator.uasset" 868
"F:/Study/The-final-game/horror/Content/NPC/dialogue/BT_ResponceDecorator.uexp" 869
"F:/Study/The-final-game/horror/Content/NPC/dialogue/BT_NPCSpeak.uasset" 870
"F:/Study/The-final-game/horror/Content/NPC/dialogue/BT_NPCSpeak.uexp" 871
"F:/Study/The-final-game/horror/Content/NPC/dialogue/DialogueBlackboardData.uasset" 872
"F:/Study/The-final-game/horror/Content/NPC/dialogue/DialogueBlackboardData.uexp" 873
"F:/Study/The-final-game/horror/Content/apples/W_AppleCounter.uasset" 874
"F:/Study/The-final-game/horror/Content/apples/W_AppleCounter.uexp" 875
"F:/Study/The-final-game/horror/Content/Weapon/textures/2K_Metalness.ubulk" 876
"F:/Study/The-final-game/horror/Content/Weapon/textures/2K_Metalness.uasset" 877
"F:/Study/The-final-game/horror/Content/Weapon/textures/2K_Metalness.uexp" 878
"F:/Study/The-final-game/horror/Content/Weapon/textures/2k_Normal.ubulk" 879
"F:/Study/The-final-game/horror/Content/Weapon/textures/2k_Normal.uasset" 880
"F:/Study/The-final-game/horror/Content/Weapon/textures/2k_Normal.uexp" 881
"F:/Study/The-final-game/horror/Content/Weapon/textures/2K_Diffuse.ubulk" 882
"F:/Study/The-final-game/horror/Content/Weapon/textures/2K_Diffuse.uasset" 883
"F:/Study/The-final-game/horror/Content/Weapon/textures/2K_Diffuse.uexp" 884
"F:/Study/The-final-game/horror/Content/Weapon/textures/2K_Roughness.ubulk" 885
"F:/Study/The-final-game/horror/Content/Weapon/textures/2K_Roughness.uasset" 886
"F:/Study/The-final-game/horror/Content/Weapon/textures/2K_Roughness.uexp" 887
"F:/Study/The-final-game/horror/Content/Weapon/textures/M_Sword.uasset" 888
"F:/Study/The-final-game/horror/Content/Weapon/textures/M_Sword.uexp" 889
"F:/Study/The-final-game/horror/Content/Weapon/Sword.ubulk" 890
"F:/Study/The-final-game/horror/Content/Weapon/Sword.uasset" 891
"F:/Study/The-final-game/horror/Content/Weapon/Sword.uexp" 892
"F:/Study/The-final-game/horror/Content/Weapon/BP_Sword.uasset" 893
"F:/Study/The-final-game/horror/Content/Weapon/BP_Sword.uexp" 894
"F:/Study/The-final-game/horror/Content/NPC/dialogue/BT_EndDialogue.uasset" 895
"F:/Study/The-final-game/horror/Content/NPC/dialogue/BT_EndDialogue.uexp" 896
"F:/Study/The-final-game/horror/Content/NPC/dialogue/DialogueBehaviorTree.uasset" 897
"F:/Study/The-final-game/horror/Content/NPC/dialogue/DialogueBehaviorTree.uexp" 898
"F:/Study/The-final-game/horror/Content/NPC/Peasant_Man_PhysicsAsset.uasset" 899
"F:/Study/The-final-game/horror/Content/NPC/Peasant_Man_PhysicsAsset.uexp" 900
"F:/Study/The-final-game/horror/Content/NPC/Peasant_Man_Skeleton.uasset" 901
"F:/Study/The-final-game/horror/Content/NPC/Peasant_Man_Skeleton.uexp" 902
"F:/Study/The-final-game/horror/Content/NPC/material/Peasant_Man_normal.ubulk" 903
"F:/Study/The-final-game/horror/Content/NPC/material/Peasant_Man_normal.uasset" 904
"F:/Study/The-final-game/horror/Content/NPC/material/Peasant_Man_normal.uexp" 905
"F:/Study/The-final-game/horror/Content/NPC/material/Peasant_Man_diffuse.ubulk" 906
"F:/Study/The-final-game/horror/Content/NPC/material/Peasant_Man_diffuse.uasset" 907
"F:/Study/The-final-game/horror/Content/NPC/material/Peasant_Man_diffuse.uexp" 908
"F:/Study/The-final-game/horror/Content/NPC/material/Peasant_Man_specular.ubulk" 909
"F:/Study/The-final-game/horror/Content/NPC/material/Peasant_Man_specular.uasset" 910
"F:/Study/The-final-game/horror/Content/NPC/material/Peasant_Man_specular.uexp" 911
"F:/Study/The-final-game/horror/Content/NPC/material/Peasant_Man_02.uasset" 912
"F:/Study/The-final-game/horror/Content/NPC/material/Peasant_Man_02.uexp" 913
"F:/Study/The-final-game/horror/Content/NPC/Peasant_Man.uasset" 914
"F:/Study/The-final-game/horror/Content/NPC/Peasant_Man.uexp" 915
"F:/Study/The-final-game/horror/Content/NPC/Breathing_Idle.uasset" 916
"F:/Study/The-final-game/horror/Content/NPC/Breathing_Idle.uexp" 917
"F:/Study/The-final-game/horror/Content/NPC/BP_NPC.uasset" 918
"F:/Study/The-final-game/horror/Content/NPC/BP_NPC.uexp" 919
"F:/Study/The-final-game/horror/Content/NPC/dialogue/DialogueComponent.uasset" 920
"F:/Study/The-final-game/horror/Content/NPC/dialogue/DialogueComponent.uexp" 921
"F:/Study/The-final-game/horror/Content/MainCharacter/FightAnimations/AttackAnimation/SecondAnimation.uasset" 922
"F:/Study/The-final-game/horror/Content/MainCharacter/FightAnimations/AttackAnimation/SecondAnimation.uexp" 923
"F:/Study/The-final-game/horror/Content/MainCharacter/FightAnimations/AttackAnimation/AttackThirdMontage.uasset" 924
"F:/Study/The-final-game/horror/Content/MainCharacter/FightAnimations/AttackAnimation/AttackThirdMontage.uexp" 925
"F:/Study/The-final-game/horror/Content/Bow/Animations/Standing_Aim_Recoil.uasset" 926
"F:/Study/The-final-game/horror/Content/Bow/Animations/Standing_Aim_Recoil.uexp" 927
"F:/Study/The-final-game/horror/Content/Bow/Animations/Standing_Aim_Recoil_Montage.uasset" 928
"F:/Study/The-final-game/horror/Content/Bow/Animations/Standing_Aim_Recoil_Montage.uexp" 929
"F:/Study/The-final-game/horror/Content/Bow/textures/arrow_mt_metallic.ubulk" 930
"F:/Study/The-final-game/horror/Content/Bow/textures/arrow_mt_metallic.uasset" 931
"F:/Study/The-final-game/horror/Content/Bow/textures/arrow_mt_metallic.uexp" 932
"F:/Study/The-final-game/horror/Content/Bow/textures/arrow_mt_AO.ubulk" 933
"F:/Study/The-final-game/horror/Content/Bow/textures/arrow_mt_AO.uasset" 934
"F:/Study/The-final-game/horror/Content/Bow/textures/arrow_mt_AO.uexp" 935
"F:/Study/The-final-game/horror/Content/Bow/textures/arrow_mt_normal.ubulk" 936
"F:/Study/The-final-game/horror/Content/Bow/textures/arrow_mt_normal.uasset" 937
"F:/Study/The-final-game/horror/Content/Bow/textures/arrow_mt_normal.uexp" 938
"F:/Study/The-final-game/horror/Content/Bow/textures/arrow_mt_roughness.ubulk" 939
"F:/Study/The-final-game/horror/Content/Bow/textures/arrow_mt_roughness.uasset" 940
"F:/Study/The-final-game/horror/Content/Bow/textures/arrow_mt_roughness.uexp" 941
"F:/Study/The-final-game/horror/Content/Bow/textures/arrow_mt_albedo.ubulk" 942
"F:/Study/The-final-game/horror/Content/Bow/textures/arrow_mt_albedo.uasset" 943
"F:/Study/The-final-game/horror/Content/Bow/textures/arrow_mt_albedo.uexp" 944
"F:/Study/The-final-game/horror/Content/Bow/source/arrow_mt.uasset" 945
"F:/Study/The-final-game/horror/Content/Bow/source/arrow_mt.uexp" 946
"F:/Study/The-final-game/horror/Content/Bow/source/model_arrow_003.ubulk" 947
"F:/Study/The-final-game/horror/Content/Bow/source/model_arrow_003.uasset" 948
"F:/Study/The-final-game/horror/Content/Bow/source/model_arrow_003.uexp" 949
"F:/Study/The-final-game/horror/Content/Bow/textures/wing_mt_opacity.ubulk" 950
"F:/Study/The-final-game/horror/Content/Bow/textures/wing_mt_opacity.uasset" 951
"F:/Study/The-final-game/horror/Content/Bow/textures/wing_mt_opacity.uexp" 952
"F:/Study/The-final-game/horror/Content/Bow/textures/wing_mt_roughness.ubulk" 953
"F:/Study/The-final-game/horror/Content/Bow/textures/wing_mt_roughness.uasset" 954
"F:/Study/The-final-game/horror/Content/Bow/textures/wing_mt_roughness.uexp" 955
"F:/Study/The-final-game/horror/Content/Bow/textures/wing_mt_albedo.ubulk" 956
"F:/Study/The-final-game/horror/Content/Bow/textures/wing_mt_albedo.uasset" 957
"F:/Study/The-final-game/horror/Content/Bow/textures/wing_mt_albedo.uexp" 958
"F:/Study/The-final-game/horror/Content/Bow/textures/wing_mt_AO.ubulk" 959
"F:/Study/The-final-game/horror/Content/Bow/textures/wing_mt_AO.uasset" 960
"F:/Study/The-final-game/horror/Content/Bow/textures/wing_mt_AO.uexp" 961
"F:/Study/The-final-game/horror/Content/Bow/textures/wing_mt_metallic.ubulk" 962
"F:/Study/The-final-game/horror/Content/Bow/textures/wing_mt_metallic.uasset" 963
"F:/Study/The-final-game/horror/Content/Bow/textures/wing_mt_metallic.uexp" 964
"F:/Study/The-final-game/horror/Content/Bow/textures/wing_mt_normal.ubulk" 965
"F:/Study/The-final-game/horror/Content/Bow/textures/wing_mt_normal.uasset" 966
"F:/Study/The-final-game/horror/Content/Bow/textures/wing_mt_normal.uexp" 967
"F:/Study/The-final-game/horror/Content/Bow/source/wing_mt.uasset" 968
"F:/Study/The-final-game/horror/Content/Bow/source/wing_mt.uexp" 969
"F:/Study/The-final-game/horror/Content/Bow/BP_Arrow.uasset" 970
"F:/Study/The-final-game/horror/Content/Bow/BP_Arrow.uexp" 971
"F:/Study/The-final-game/horror/Content/MainCharacter/FightAnimations/BlockAnimation/Standing_Block_Idle.uasset" 972
"F:/Study/The-final-game/horror/Content/MainCharacter/FightAnimations/BlockAnimation/Standing_Block_Idle.uexp" 973
"F:/Study/The-final-game/horror/Content/MainCharacter/FightAnimations/BlockAnimation/Block_Montage.uasset" 974
"F:/Study/The-final-game/horror/Content/MainCharacter/FightAnimations/BlockAnimation/Block_Montage.uexp" 975
"F:/Study/The-final-game/horror/Content/MainCharacter/Animations/TakeItem_Anim.uasset" 976
"F:/Study/The-final-game/horror/Content/MainCharacter/Animations/TakeItem_Anim.uexp" 977
"F:/Study/The-final-game/horror/Content/MainCharacter/Animations/TakeItem_Anim_Montage.uasset" 978
"F:/Study/The-final-game/horror/Content/MainCharacter/Animations/TakeItem_Anim_Montage.uexp" 979
"F:/Study/The-final-game/horror/Content/MainCharacter/FightAnimations/AttackAnimation/FirstAnimation.uasset" 980
"F:/Study/The-final-game/horror/Content/MainCharacter/FightAnimations/AttackAnimation/FirstAnimation.uexp" 981
"F:/Study/The-final-game/horror/Content/MainCharacter/FightAnimations/AttackAnimation/AttackFirstMontage.uasset" 982
"F:/Study/The-final-game/horror/Content/MainCharacter/FightAnimations/AttackAnimation/AttackFirstMontage.uexp" 983
"F:/Study/The-final-game/horror/Content/MainCharacter/BPI_TakeBow.uasset" 984
"F:/Study/The-final-game/horror/Content/MainCharacter/BPI_TakeBow.uexp" 985
"F:/Study/The-final-game/horror/Content/MainCharacter/BP_Girl.uasset" 986
"F:/Study/The-final-game/horror/Content/MainCharacter/BP_Girl.uexp" 987
"F:/Study/The-final-game/horror/Content/level/MainMenu/images.uasset" 988
"F:/Study/The-final-game/horror/Content/level/MainMenu/images.uexp" 989
"F:/Study/The-final-game/horror/Content/CharacterHUD/WBP_AchievementCard.uasset" 990
"F:/Study/The-final-game/horror/Content/CharacterHUD/WBP_AchievementCard.uexp" 991
"F:/Study/The-final-game/horror/Content/CharacterHUD/BP_FinishZone.uasset" 992
"F:/Study/The-final-game/horror/Content/CharacterHUD/BP_FinishZone.uexp" 993
"F:/Study/The-final-game/horror/Content/Bow/textures/bow_metal_mt_AO.ubulk" 994
"F:/Study/The-final-game/horror/Content/Bow/textures/bow_metal_mt_AO.uasset" 995
"F:/Study/The-final-game/horror/Content/Bow/textures/bow_metal_mt_AO.uexp" 996
"F:/Study/The-final-game/horror/Content/Bow/textures/bow_metal_mt_normal.ubulk" 997
"F:/Study/The-final-game/horror/Content/Bow/textures/bow_metal_mt_normal.uasset" 998
"F:/Study/The-final-game/horror/Content/Bow/textures/bow_metal_mt_normal.uexp" 999
"F:/Study/The-final-game/horror/Content/Bow/textures/bow_metal_mt_albedo.ubulk" 1000
"F:/Study/The-final-game/horror/Content/Bow/textures/bow_metal_mt_albedo.uasset" 1001
"F:/Study/The-final-game/horror/Content/Bow/textures/bow_metal_mt_albedo.uexp" 1002
"F:/Study/The-final-game/horror/Content/Bow/textures/bow_metal_mt_roughness.ubulk" 1003
"F:/Study/The-final-game/horror/Content/Bow/textures/bow_metal_mt_roughness.uasset" 1004
"F:/Study/The-final-game/horror/Content/Bow/textures/bow_metal_mt_roughness.uexp" 1005
"F:/Study/The-final-game/horror/Content/Bow/textures/bow_metal_mt_metallic.ubulk" 1006
"F:/Study/The-final-game/horror/Content/Bow/textures/bow_metal_mt_metallic.uasset" 1007
"F:/Study/The-final-game/horror/Content/Bow/textures/bow_metal_mt_metallic.uexp" 1008
"F:/Study/The-final-game/horror/Content/Bow/source/bow_metal_mt.uasset" 1009
"F:/Study/The-final-game/horror/Content/Bow/source/bow_metal_mt.uexp" 1010
"F:/Study/The-final-game/horror/Content/Bow/textures/bow_wood_mt_AO.ubulk" 1011
"F:/Study/The-final-game/horror/Content/Bow/textures/bow_wood_mt_AO.uasset" 1012
"F:/Study/The-final-game/horror/Content/Bow/textures/bow_wood_mt_AO.uexp" 1013
"F:/Study/The-final-game/horror/Content/Bow/textures/bow_wood_mt_metallic.ubulk" 1014
"F:/Study/The-final-game/horror/Content/Bow/textures/bow_wood_mt_metallic.uasset" 1015
"F:/Study/The-final-game/horror/Content/Bow/textures/bow_wood_mt_metallic.uexp" 1016
"F:/Study/The-final-game/horror/Content/Bow/textures/bow_wood_mt_normal.ubulk" 1017
"F:/Study/The-final-game/horror/Content/Bow/textures/bow_wood_mt_normal.uasset" 1018
"F:/Study/The-final-game/horror/Content/Bow/textures/bow_wood_mt_normal.uexp" 1019
"F:/Study/The-final-game/horror/Content/Bow/textures/bow_wood_mt_albedo.ubulk" 1020
"F:/Study/The-final-game/horror/Content/Bow/textures/bow_wood_mt_albedo.uasset" 1021
"F:/Study/The-final-game/horror/Content/Bow/textures/bow_wood_mt_albedo.uexp" 1022
"F:/Study/The-final-game/horror/Content/Bow/textures/bow_wood_mt_roughness.ubulk" 1023
"F:/Study/The-final-game/horror/Content/Bow/textures/bow_wood_mt_roughness.uasset" 1024
"F:/Study/The-final-game/horror/Content/Bow/textures/bow_wood_mt_roughness.uexp" 1025
"F:/Study/The-final-game/horror/Content/Bow/source/bow_wood_mt.uasset" 1026
"F:/Study/The-final-game/horror/Content/Bow/source/bow_wood_mt.uexp" 1027
"F:/Study/The-final-game/horror/Content/Bow/source/model_bow.ubulk" 1028
"F:/Study/The-final-game/horror/Content/Bow/source/model_bow.uasset" 1029
"F:/Study/The-final-game/horror/Content/Bow/source/model_bow.uexp" 1030
"F:/Study/The-final-game/horror/Content/Bow/BP_Bow.uasset" 1031
"F:/Study/The-final-game/horror/Content/Bow/BP_Bow.uexp" 1032
"F:/Study/The-final-game/horror/Content/apples/Material__2.uasset" 1033
"F:/Study/The-final-game/horror/Content/apples/Material__2.uexp" 1034
"F:/Study/The-final-game/horror/Content/apples/AppleTex.uasset" 1035
"F:/Study/The-final-game/horror/Content/apples/AppleTex.uexp" 1036
"F:/Study/The-final-game/horror/Content/apples/shiny_apple.uasset" 1037
"F:/Study/The-final-game/horror/Content/apples/shiny_apple.uexp" 1038
"F:/Study/The-final-game/horror/Content/apples/apple_fbx.ubulk" 1039
"F:/Study/The-final-game/horror/Content/apples/apple_fbx.uasset" 1040
"F:/Study/The-final-game/horror/Content/apples/apple_fbx.uexp" 1041
"F:/Study/The-final-game/horror/Content/apples/BP_Apple.uasset" 1042
"F:/Study/The-final-game/horror/Content/apples/BP_Apple.uexp" 1043
"../../../Engine/Plugins/Experimental/Water/Content/Materials/WaterInfo/DrawWaterInfo.uasset" 1044
"../../../Engine/Plugins/Experimental/Water/Content/Materials/WaterInfo/DrawWaterInfo.uexp" 1045
"../../../Engine/Content/EngineResources/FilmGrains/Marcie_Grain_v3_128_M2_000.uasset" 1046
"../../../Engine/Content/EngineResources/FilmGrains/Marcie_Grain_v3_128_M2_000.uexp" 1047
"../../../Engine/Content/EngineMaterials/LTC/Sheen_LTC.uasset" 1048
"../../../Engine/Content/EngineMaterials/LTC/Sheen_LTC.uexp" 1049
"../../../Engine/Content/EngineMaterials/LTC/GGX_LTCMat.uasset" 1050
"../../../Engine/Content/EngineMaterials/LTC/GGX_LTCMat.uexp" 1051
"../../../Engine/Content/EngineMaterials/LTC/GGX_LTCAmp.uasset" 1052
"../../../Engine/Content/EngineMaterials/LTC/GGX_LTCAmp.uexp" 1053
"../../../Engine/Content/EngineMaterials/EnergyConservation/Sheen_Energy.uasset" 1054
"../../../Engine/Content/EngineMaterials/EnergyConservation/Sheen_Energy.uexp" 1055
"../../../Engine/Content/EngineMaterials/EnergyConservation/SheenLegacy_Energy.uasset" 1056
"../../../Engine/Content/EngineMaterials/EnergyConservation/SheenLegacy_Energy.uexp" 1057
"../../../Engine/Content/EngineMaterials/EnergyConservation/GGX_TransmissionEnergyArray.uasset" 1058
"../../../Engine/Content/EngineMaterials/EnergyConservation/GGX_TransmissionEnergyArray.uexp" 1059
"../../../Engine/Content/EngineMaterials/EnergyConservation/GGX_ReflectionEnergy.uasset" 1060
"../../../Engine/Content/EngineMaterials/EnergyConservation/GGX_ReflectionEnergy.uexp" 1061
"../../../Engine/Content/EngineMaterials/EnergyConservation/Diffuse_Energy.uasset" 1062
"../../../Engine/Content/EngineMaterials/EnergyConservation/Diffuse_Energy.uexp" 1063
"../../../Engine/Content/EditorResources/SequenceRecorder/RecordingIndicator.uasset" 1064
"../../../Engine/Content/EditorResources/SequenceRecorder/RecordingIndicator.uexp" 1065
"../../../Engine/Content/EditorResources/SequenceRecorder/Countdown.uasset" 1066
"../../../Engine/Content/EditorResources/SequenceRecorder/Countdown.uexp" 1067
"../../../Engine/Content/EditorResources/LightIcons/S_LightSpotMove.uasset" 1068
"../../../Engine/Content/EditorResources/LightIcons/S_LightSpotMove.uexp" 1069
"../../../Engine/Content/EditorResources/LightIcons/S_LightSpot.uasset" 1070
"../../../Engine/Content/EditorResources/LightIcons/S_LightSpot.uexp" 1071
"../../../Engine/Content/EditorResources/LightIcons/S_LightRect.uasset" 1072
"../../../Engine/Content/EditorResources/LightIcons/S_LightRect.uexp" 1073
"../../../Engine/Content/EditorResources/LightIcons/S_LightPointMove.uasset" 1074
"../../../Engine/Content/EditorResources/LightIcons/S_LightPointMove.uexp" 1075
"../../../Engine/Content/EditorResources/LightIcons/S_LightPoint.uasset" 1076
"../../../Engine/Content/EditorResources/LightIcons/S_LightPoint.uexp" 1077
"../../../Engine/Content/EditorResources/LightIcons/S_LightError.uasset" 1078
"../../../Engine/Content/EditorResources/LightIcons/S_LightError.uexp" 1079
"../../../Engine/Content/EditorResources/LightIcons/S_LightDirectionalMove.uasset" 1080
"../../../Engine/Content/EditorResources/LightIcons/S_LightDirectionalMove.uexp" 1081
"../../../Engine/Content/EditorResources/LightIcons/S_LightDirectional.uasset" 1082
"../../../Engine/Content/EditorResources/LightIcons/S_LightDirectional.uexp" 1083
"../../../Engine/Content/EditorResources/LightIcons/SkyLight.uasset" 1084
"../../../Engine/Content/EditorResources/LightIcons/SkyLight.uexp" 1085
"../../../Engine/Content/EditorResources/LightIcons/Light_Point_Stationary_Statics.uasset" 1086
"../../../Engine/Content/EditorResources/LightIcons/Light_Point_Stationary_Statics.uexp" 1087
"../../../Engine/Content/EngineMaterials/T_Default_Material_Grid_M.ubulk" 1088
"../../../Engine/Content/EngineMaterials/T_Default_Material_Grid_M.uasset" 1089
"../../../Engine/Content/EngineMaterials/T_Default_Material_Grid_M.uexp" 1090
"../../../Engine/Content/EngineMaterials/T_Default_Material_Grid_N.ubulk" 1091
"../../../Engine/Content/EngineMaterials/T_Default_Material_Grid_N.uasset" 1092
"../../../Engine/Content/EngineMaterials/T_Default_Material_Grid_N.uexp" 1093
"../../../Engine/Content/Functions/Engine_MaterialFunctions01/Opacity/CameraDepthFade.uasset" 1094
"../../../Engine/Content/Functions/Engine_MaterialFunctions01/Opacity/CameraDepthFade.uexp" 1095
"../../../Engine/Content/EngineMaterials/WorldGridMaterial.uasset" 1096
"../../../Engine/Content/EngineMaterials/WorldGridMaterial.uexp" 1097
"../../../Engine/Content/BasicShapes/Cube.ubulk" 1098
"../../../Engine/Content/BasicShapes/Cube.uasset" 1099
"../../../Engine/Content/BasicShapes/Cube.uexp" 1100
"../../../Engine/Content/EngineMaterials/DefaultMaterial.uasset" 1101
"../../../Engine/Content/EngineMaterials/DefaultMaterial.uexp" 1102
"../../../Engine/Content/BasicShapes/Sphere.ubulk" 1103
"../../../Engine/Content/BasicShapes/Sphere.uasset" 1104
"../../../Engine/Content/BasicShapes/Sphere.uexp" 1105
"../../../Engine/Content/BasicShapes/Plane.ubulk" 1106
"../../../Engine/Content/BasicShapes/Plane.uasset" 1107
"../../../Engine/Content/BasicShapes/Plane.uexp" 1108
"../../../Engine/Content/EditorResources/FieldNodes/_Resources/EFieldForceVel.uasset" 1109
"../../../Engine/Content/EditorResources/FieldNodes/_Resources/EFieldForceVel.uexp" 1110
"../../../Engine/Content/EditorResources/FieldNodes/_Resources/EFieldActivationType.uasset" 1111
"../../../Engine/Content/EditorResources/FieldNodes/_Resources/EFieldActivationType.uexp" 1112
"../../../Engine/Content/EditorResources/FieldNodes/_Resources/M_FieldVolumePreview.uasset" 1113
"../../../Engine/Content/EditorResources/FieldNodes/_Resources/M_FieldVolumePreview.uexp" 1114
"../../../Engine/Content/EditorResources/FieldNodes/_Resources/MI_FieldVolumePreview.uasset" 1115
"../../../Engine/Content/EditorResources/FieldNodes/_Resources/MI_FieldVolumePreview.uexp" 1116
"../../../Engine/Content/EditorResources/FieldNodes/_Resources/M_FieldRadiusPreview.uasset" 1117
"../../../Engine/Content/EditorResources/FieldNodes/_Resources/M_FieldRadiusPreview.uexp" 1118
"../../../Engine/Content/EditorResources/FieldNodes/_Resources/MI_FieldRadiusPreview.uasset" 1119
"../../../Engine/Content/EditorResources/FieldNodes/_Resources/MI_FieldRadiusPreview.uexp" 1120
"../../../Engine/Content/EditorResources/FieldNodes/_Resources/SM_FieldArrow.ubulk" 1121
"../../../Engine/Content/EditorResources/FieldNodes/_Resources/SM_FieldArrow.uasset" 1122
"../../../Engine/Content/EditorResources/FieldNodes/_Resources/SM_FieldArrow.uexp" 1123
"../../../Engine/Content/EditorResources/FieldNodes/_Resources/DefaultTextMaterialOpaque.uasset" 1124
"../../../Engine/Content/EditorResources/FieldNodes/_Resources/DefaultTextMaterialOpaque.uexp" 1125
"../../../Engine/Content/EditorResources/FieldNodes/_Resources/EFieldShapeType.uasset" 1126
"../../../Engine/Content/EditorResources/FieldNodes/_Resources/EFieldShapeType.uexp" 1127
"../../../Engine/Content/EditorResources/FieldNodes/Linear_Force_for_Cloth.uasset" 1128
"../../../Engine/Content/EditorResources/FieldNodes/Linear_Force_for_Cloth.uexp" 1129
"../../../Engine/Content/EditorResources/FieldNodes/_Resources/EFieldSleepType.uasset" 1130
"../../../Engine/Content/EditorResources/FieldNodes/_Resources/EFieldSleepType.uexp" 1131
"../../../Engine/Content/EditorResources/FieldNodes/FS_SleepDisable_Generic.uasset" 1132
"../../../Engine/Content/EditorResources/FieldNodes/FS_SleepDisable_Generic.uexp" 1133
"../../../Engine/Content/EditorResources/FieldNodes/Linear_Velocity_for_Cloth.uasset" 1134
"../../../Engine/Content/EditorResources/FieldNodes/Linear_Velocity_for_Cloth.uexp" 1135
"../../../Engine/Content/EditorResources/FieldNodes/FS_MasterField.uasset" 1136
"../../../Engine/Content/EditorResources/FieldNodes/FS_MasterField.uexp" 1137
"../../../Engine/Content/EditorResources/FieldNodes/FS_BombField_Prototype.uasset" 1138
"../../../Engine/Content/EditorResources/FieldNodes/FS_BombField_Prototype.uexp" 1139
"../../../Engine/Content/EditorResources/FieldNodes/FS_AnchorField_Generic.uasset" 1140
"../../../Engine/Content/EditorResources/FieldNodes/FS_AnchorField_Generic.uexp" 1141
"../../../Engine/Content/EditorResources/AudioIcons/S_AudioComponent_AutoActivate.uasset" 1142
"../../../Engine/Content/EditorResources/AudioIcons/S_AudioComponent_AutoActivate.uexp" 1143
"../../../Engine/Content/EditorResources/AudioIcons/S_AudioComponent.uasset" 1144
"../../../Engine/Content/EditorResources/AudioIcons/S_AudioComponent.uexp" 1145
"../../../Engine/Content/EditorResources/AudioIcons/S_Ambient_Sound_Toggleable.uasset" 1146
"../../../Engine/Content/EditorResources/AudioIcons/S_Ambient_Sound_Toggleable.uexp" 1147
"../../../Engine/Content/EditorResources/AudioIcons/S_Ambient_Sound_Simple.uasset" 1148
"../../../Engine/Content/EditorResources/AudioIcons/S_Ambient_Sound_Simple.uexp" 1149
"../../../Engine/Content/EditorResources/AudioIcons/S_Ambient_Sound_Non_Loop.uasset" 1150
"../../../Engine/Content/EditorResources/AudioIcons/S_Ambient_Sound_Non_Loop.uexp" 1151
"../../../Engine/Content/EditorResources/AudioIcons/S_Ambient_Sound_Moveable.uasset" 1152
"../../../Engine/Content/EditorResources/AudioIcons/S_Ambient_Sound_Moveable.uexp" 1153
"../../../Engine/Content/EditorResources/AI/S_NavLink.uasset" 1154
"../../../Engine/Content/EditorResources/AI/S_NavLink.uexp" 1155
"../../../Engine/Content/EditorMaterials/WorldPartition/WorldPartitionSpatialHashGridPreviewMaterial.uasset" 1156
"../../../Engine/Content/EditorMaterials/WorldPartition/WorldPartitionSpatialHashGridPreviewMaterial.uexp" 1157
"../../../Engine/Content/EditorMaterials/Utilities/ImageReflectionPreview.uasset" 1158
"../../../Engine/Content/EditorMaterials/Utilities/ImageReflectionPreview.uexp" 1159
"../../../Engine/Content/ArtTools/RenderToTexture/MaterialFunctions/CheckerPattern.uasset" 1160
"../../../Engine/Content/ArtTools/RenderToTexture/MaterialFunctions/CheckerPattern.uexp" 1161
"../../../Engine/Content/Functions/Engine_MaterialFunctions01/Texturing/ScaleUVsByCenter.uasset" 1162
"../../../Engine/Content/Functions/Engine_MaterialFunctions01/Texturing/ScaleUVsByCenter.uexp" 1163
"../../../Engine/Content/Functions/Engine_MaterialFunctions02/ScreenResolution.uasset" 1164
"../../../Engine/Content/Functions/Engine_MaterialFunctions02/ScreenResolution.uexp" 1165
"../../../Engine/Content/Functions/Engine_MaterialFunctions02/Texturing/ScreenAlignedUVs.uasset" 1166
"../../../Engine/Content/Functions/Engine_MaterialFunctions02/Texturing/ScreenAlignedUVs.uexp" 1167
"../../../Engine/Content/EditorMaterials/Thumbnails/SkySphereMaterial.uasset" 1168
"../../../Engine/Content/EditorMaterials/Thumbnails/SkySphereMaterial.uexp" 1169
"../../../Engine/Content/EditorMaterials/Thumbnails/FloorPlaneMaterial.uasset" 1170
"../../../Engine/Content/EditorMaterials/Thumbnails/FloorPlaneMaterial.uexp" 1171
"../../../Engine/Content/EditorMaterials/ParticleSystems/PSysThumbnail_OOD.ubulk" 1172
"../../../Engine/Content/EditorMaterials/ParticleSystems/PSysThumbnail_OOD.uasset" 1173
"../../../Engine/Content/EditorMaterials/ParticleSystems/PSysThumbnail_OOD.uexp" 1174
"../../../Engine/Content/EditorMaterials/ParticleSystems/PSysThumbnail_NoImage.ubulk" 1175
"../../../Engine/Content/EditorMaterials/ParticleSystems/PSysThumbnail_NoImage.uasset" 1176
"../../../Engine/Content/EditorMaterials/ParticleSystems/PSysThumbnail_NoImage.uexp" 1177
"../../../Engine/Content/EditorMaterials/MAT_Groups_Visibility.uasset" 1178
"../../../Engine/Content/EditorMaterials/MAT_Groups_Visibility.uexp" 1179
"../../../Engine/Content/EditorMaterials/MatineeGroups/MAT_Groups_Visibility_Mat.uasset" 1180
"../../../Engine/Content/EditorMaterials/MatineeGroups/MAT_Groups_Visibility_Mat.uexp" 1181
"../../../Engine/Content/EditorMaterials/MatineeGroups/MAT_Groups_View_On.uasset" 1182
"../../../Engine/Content/EditorMaterials/MatineeGroups/MAT_Groups_View_On.uexp" 1183
"../../../Engine/Content/EditorMaterials/MatineeGroups/MAT_Groups_View_On_Mat.uasset" 1184
"../../../Engine/Content/EditorMaterials/MatineeGroups/MAT_Groups_View_On_Mat.uexp" 1185
"../../../Engine/Content/EditorMaterials/MatineeGroups/MAT_Groups_View_Off.uasset" 1186
"../../../Engine/Content/EditorMaterials/MatineeGroups/MAT_Groups_View_Off.uexp" 1187
"../../../Engine/Content/EditorMaterials/MatineeGroups/MAT_Groups_View_Off_Mat.uasset" 1188
"../../../Engine/Content/EditorMaterials/MatineeGroups/MAT_Groups_View_Off_Mat.uexp" 1189
"../../../Engine/Content/EditorMaterials/MatineeGroups/MAT_Groups_Vector.uasset" 1190
"../../../Engine/Content/EditorMaterials/MatineeGroups/MAT_Groups_Vector.uexp" 1191
"../../../Engine/Content/EditorMaterials/MatineeGroups/MAT_Groups_Vector_Mat.uasset" 1192
"../../../Engine/Content/EditorMaterials/MatineeGroups/MAT_Groups_Vector_Mat.uexp" 1193
"../../../Engine/Content/EditorMaterials/MatineeGroups/MAT_Groups_Graph_On.uasset" 1194
"../../../Engine/Content/EditorMaterials/MatineeGroups/MAT_Groups_Graph_On.uexp" 1195
"../../../Engine/Content/EditorMaterials/MatineeGroups/MAT_Groups_Trajectory_On_Mat.uasset" 1196
"../../../Engine/Content/EditorMaterials/MatineeGroups/MAT_Groups_Trajectory_On_Mat.uexp" 1197
"../../../Engine/Content/EditorMaterials/MatineeGroups/MAT_Groups_Graph_Off.uasset" 1198
"../../../Engine/Content/EditorMaterials/MatineeGroups/MAT_Groups_Graph_Off.uexp" 1199
"../../../Engine/Content/EditorMaterials/MatineeGroups/MAT_Groups_Trajectory_Off_Mat.uasset" 1200
"../../../Engine/Content/EditorMaterials/MatineeGroups/MAT_Groups_Trajectory_Off_Mat.uexp" 1201
"../../../Engine/Content/EditorMaterials/MAT_Groups_Toggle.uasset" 1202
"../../../Engine/Content/EditorMaterials/MAT_Groups_Toggle.uexp" 1203
"../../../Engine/Content/EditorMaterials/MatineeGroups/MAT_Groups_Toggle_Mat.uasset" 1204
"../../../Engine/Content/EditorMaterials/MatineeGroups/MAT_Groups_Toggle_Mat.uexp" 1205
"../../../Engine/Content/EditorMaterials/MatineeGroups/MAT_Groups_Sound.uasset" 1206
"../../../Engine/Content/EditorMaterials/MatineeGroups/MAT_Groups_Sound.uexp" 1207
"../../../Engine/Content/EditorMaterials/MatineeGroups/MAT_Groups_Sound_Mat.uasset" 1208
"../../../Engine/Content/EditorMaterials/MatineeGroups/MAT_Groups_Sound_Mat.uexp" 1209
"../../../Engine/Content/EditorMaterials/MatineeGroups/MAT_Groups_Slomo.uasset" 1210
"../../../Engine/Content/EditorMaterials/MatineeGroups/MAT_Groups_Slomo.uexp" 1211
"../../../Engine/Content/EditorMaterials/MatineeGroups/MAT_Groups_Slomo_Mat.uasset" 1212
"../../../Engine/Content/EditorMaterials/MatineeGroups/MAT_Groups_Slomo_Mat.uexp" 1213
"../../../Engine/Content/EditorMaterials/MatineeGroups/MAT_Groups_Right_On.uasset" 1214
"../../../Engine/Content/EditorMaterials/MatineeGroups/MAT_Groups_Right_On.uexp" 1215
"../../../Engine/Content/EditorMaterials/MatineeGroups/MAT_Groups_Right_On_Mat.uasset" 1216
"../../../Engine/Content/EditorMaterials/MatineeGroups/MAT_Groups_Right_On_Mat.uexp" 1217
"../../../Engine/Content/EditorMaterials/MatineeGroups/MAT_Groups_Right_Off.uasset" 1218
"../../../Engine/Content/EditorMaterials/MatineeGroups/MAT_Groups_Right_Off.uexp" 1219
"../../../Engine/Content/EditorMaterials/MatineeGroups/MAT_Groups_Right_Off_Mat.uasset" 1220
"../../../Engine/Content/EditorMaterials/MatineeGroups/MAT_Groups_Right_Off_Mat.uexp" 1221
"../../../Engine/Content/EditorMaterials/MAT_Groups_ParticleReplay.uasset" 1222
"../../../Engine/Content/EditorMaterials/MAT_Groups_ParticleReplay.uexp" 1223
"../../../Engine/Content/EditorMaterials/MatineeGroups/MAT_Groups_ParticleReplay_Mat.uasset" 1224
"../../../Engine/Content/EditorMaterials/MatineeGroups/MAT_Groups_ParticleReplay_Mat.uexp" 1225
"../../../Engine/Content/EditorMaterials/MatineeGroups/MAT_Groups_Move.uasset" 1226
"../../../Engine/Content/EditorMaterials/MatineeGroups/MAT_Groups_Move.uexp" 1227
"../../../Engine/Content/EditorMaterials/MatineeGroups/MAT_Groups_Move_Mat.uasset" 1228
"../../../Engine/Content/EditorMaterials/MatineeGroups/MAT_Groups_Move_Mat.uexp" 1229
"../../../Engine/Content/EditorMaterials/MatineeGroups/MAT_Groups_Left_On.uasset" 1230
"../../../Engine/Content/EditorMaterials/MatineeGroups/MAT_Groups_Left_On.uexp" 1231
"../../../Engine/Content/EditorMaterials/MatineeGroups/MAT_Groups_Left_On_Mat.uasset" 1232
"../../../Engine/Content/EditorMaterials/MatineeGroups/MAT_Groups_Left_On_Mat.uexp" 1233
"../../../Engine/Content/EditorMaterials/MatineeGroups/MAT_Groups_Left_Off.uasset" 1234
"../../../Engine/Content/EditorMaterials/MatineeGroups/MAT_Groups_Left_Off.uexp" 1235
"../../../Engine/Content/EditorMaterials/MatineeGroups/MAT_Groups_Left_Off_Mat.uasset" 1236
"../../../Engine/Content/EditorMaterials/MatineeGroups/MAT_Groups_Left_Off_Mat.uexp" 1237
"../../../Engine/Content/EditorMaterials/MatineeGroups/MAT_Groups_Graph_On_Mat.uasset" 1238
"../../../Engine/Content/EditorMaterials/MatineeGroups/MAT_Groups_Graph_On_Mat.uexp" 1239
"../../../Engine/Content/EditorMaterials/MatineeGroups/MAT_Groups_Graph_Off_Mat.uasset" 1240
"../../../Engine/Content/EditorMaterials/MatineeGroups/MAT_Groups_Graph_Off_Mat.uexp" 1241
"../../../Engine/Content/EditorMaterials/MatineeGroups/MAT_Groups_Float.uasset" 1242
"../../../Engine/Content/EditorMaterials/MatineeGroups/MAT_Groups_Float.uexp" 1243
"../../../Engine/Content/EditorMaterials/MatineeGroups/MAT_Groups_Float_Mat.uasset" 1244
"../../../Engine/Content/EditorMaterials/MatineeGroups/MAT_Groups_Float_Mat.uexp" 1245
"../../../Engine/Content/EditorMaterials/MatineeGroups/MAT_Groups_Fade.uasset" 1246
"../../../Engine/Content/EditorMaterials/MatineeGroups/MAT_Groups_Fade.uexp" 1247
"../../../Engine/Content/EditorMaterials/MatineeGroups/MAT_Groups_Fade_Mat.uasset" 1248
"../../../Engine/Content/EditorMaterials/MatineeGroups/MAT_Groups_Fade_Mat.uexp" 1249
"../../../Engine/Content/EditorMaterials/MatineeGroups/MAT_Groups_Event.uasset" 1250
"../../../Engine/Content/EditorMaterials/MatineeGroups/MAT_Groups_Event.uexp" 1251
"../../../Engine/Content/EditorMaterials/MatineeGroups/MAT_Groups_Event_Mat.uasset" 1252
"../../../Engine/Content/EditorMaterials/MatineeGroups/MAT_Groups_Event_Mat.uexp" 1253
"../../../Engine/Content/EditorMaterials/MatineeGroups/MAT_Groups_Director.uasset" 1254
"../../../Engine/Content/EditorMaterials/MatineeGroups/MAT_Groups_Director.uexp" 1255
"../../../Engine/Content/EditorMaterials/MatineeGroups/MAT_Groups_Director_Mat.uasset" 1256
"../../../Engine/Content/EditorMaterials/MatineeGroups/MAT_Groups_Director_Mat.uexp" 1257
"../../../Engine/Content/EditorMaterials/MatineeGroups/MAT_Groups_AudioMaster.uasset" 1258
"../../../Engine/Content/EditorMaterials/MatineeGroups/MAT_Groups_AudioMaster.uexp" 1259
"../../../Engine/Content/EditorMaterials/MatineeGroups/MAT_Groups_AudioMaster_Mat.uasset" 1260
"../../../Engine/Content/EditorMaterials/MatineeGroups/MAT_Groups_AudioMaster_Mat.uexp" 1261
"../../../Engine/Content/EditorMaterials/MatineeGroups/MAT_Groups_Anim.uasset" 1262
"../../../Engine/Content/EditorMaterials/MatineeGroups/MAT_Groups_Anim.uexp" 1263
"../../../Engine/Content/EditorMaterials/MatineeGroups/MAT_Groups_Anim_Mat.uasset" 1264
"../../../Engine/Content/EditorMaterials/MatineeGroups/MAT_Groups_Anim_Mat.uexp" 1265
"../../../Engine/Content/EditorMaterials/MatineeGroups/MAT_ColorTrack.uasset" 1266
"../../../Engine/Content/EditorMaterials/MatineeGroups/MAT_ColorTrack.uexp" 1267
"../../../Engine/Content/EditorMaterials/MatineeGroups/MAT_ColorTrack_Mat.uasset" 1268
"../../../Engine/Content/EditorMaterials/MatineeGroups/MAT_ColorTrack_Mat.uexp" 1269
"../../../Engine/Content/EditorMaterials/Cascade/CASC_ModuleEnable.uasset" 1270
"../../../Engine/Content/EditorMaterials/Cascade/CASC_ModuleEnable.uexp" 1271
"../../../Engine/Content/EditorMaterials/Matinee/MAT_EnableTrack_Mat.uasset" 1272
"../../../Engine/Content/EditorMaterials/Matinee/MAT_EnableTrack_Mat.uexp" 1273
"../../../Engine/Content/Functions/Engine_MaterialFunctions01/Gradient/LinearGradient.uasset" 1274
"../../../Engine/Content/Functions/Engine_MaterialFunctions01/Gradient/LinearGradient.uexp" 1275
"../../../Engine/Content/Functions/Engine_MaterialFunctions01/ImageAdjustment/CheapContrast.uasset" 1276
"../../../Engine/Content/Functions/Engine_MaterialFunctions01/ImageAdjustment/CheapContrast.uexp" 1277
"../../../Engine/Content/Functions/Engine_MaterialFunctions01/Texturing/WorldAlignedTexture.uasset" 1278
"../../../Engine/Content/Functions/Engine_MaterialFunctions01/Texturing/WorldAlignedTexture.uexp" 1279
"../../../Engine/Content/EditorMaterials/GeometryCollection/SelectedGeometryMaterial.uasset" 1280
"../../../Engine/Content/EditorMaterials/GeometryCollection/SelectedGeometryMaterial.uexp" 1281
"../../../Engine/Content/EditorMaterials/GeometryCollection/InMaterial.uasset" 1282
"../../../Engine/Content/EditorMaterials/GeometryCollection/InMaterial.uexp" 1283
"../../../Engine/Content/EditorMaterials/Dataflow/DataflowVertexMaterial.uasset" 1284
"../../../Engine/Content/EditorMaterials/Dataflow/DataflowVertexMaterial.uexp" 1285
"../../../Engine/Content/EditorMaterials/Dataflow/DataflowTwoSidedVertexMaterial.uasset" 1286
"../../../Engine/Content/EditorMaterials/Dataflow/DataflowTwoSidedVertexMaterial.uexp" 1287
"../../../Engine/Content/EditorMaterials/Cloth/CameraLitVertexColor.uasset" 1288
"../../../Engine/Content/EditorMaterials/Cloth/CameraLitVertexColor.uexp" 1289
"../../../Engine/Content/EditorMaterials/Cloth/CameraLitDoubleSided.uasset" 1290
"../../../Engine/Content/EditorMaterials/Cloth/CameraLitDoubleSided.uexp" 1291
"../../../Engine/Content/EditorMaterials/Cascade/CASC_Solo_On.uasset" 1292
"../../../Engine/Content/EditorMaterials/Cascade/CASC_Solo_On.uexp" 1293
"../../../Engine/Content/EditorMaterials/Cascade/CASC_Solo_Off.uasset" 1294
"../../../Engine/Content/EditorMaterials/Cascade/CASC_Solo_Off.uexp" 1295
"../../../Engine/Content/EditorMaterials/Cascade/CASC_Point.uasset" 1296
"../../../Engine/Content/EditorMaterials/Cascade/CASC_Point.uexp" 1297
"../../../Engine/Content/EditorMaterials/Cascade/CASC_RenderPoint_MAT.uasset" 1298
"../../../Engine/Content/EditorMaterials/Cascade/CASC_RenderPoint_MAT.uexp" 1299
"../../../Engine/Content/EditorMaterials/Cascade/CASC_Normal.uasset" 1300
"../../../Engine/Content/EditorMaterials/Cascade/CASC_Normal.uexp" 1301
"../../../Engine/Content/EditorMaterials/Cascade/CASC_RenderNormal_MAT.uasset" 1302
"../../../Engine/Content/EditorMaterials/Cascade/CASC_RenderNormal_MAT.uexp" 1303
"../../../Engine/Content/EditorMaterials/Cascade/CASC_None.uasset" 1304
"../../../Engine/Content/EditorMaterials/Cascade/CASC_None.uexp" 1305
"../../../Engine/Content/EditorMaterials/Cascade/CASC_RenderNone_MAT.uasset" 1306
"../../../Engine/Content/EditorMaterials/Cascade/CASC_RenderNone_MAT.uexp" 1307
"../../../Engine/Content/EditorMaterials/Cascade/CASC_Lights.uasset" 1308
"../../../Engine/Content/EditorMaterials/Cascade/CASC_Lights.uexp" 1309
"../../../Engine/Content/EditorMaterials/Cascade/CASC_RenderLights_MAT.uasset" 1310
"../../../Engine/Content/EditorMaterials/Cascade/CASC_RenderLights_MAT.uexp" 1311
"../../../Engine/Content/EditorMaterials/Cascade/CASC_Cross.uasset" 1312
"../../../Engine/Content/EditorMaterials/Cascade/CASC_Cross.uexp" 1313
"../../../Engine/Content/EditorMaterials/Cascade/CASC_RenderCross_MAT.uasset" 1314
"../../../Engine/Content/EditorMaterials/Cascade/CASC_RenderCross_MAT.uexp" 1315
"../../../Engine/Content/EditorMaterials/Cascade/CASC_ModuleEnable_MAT.uasset" 1316
"../../../Engine/Content/EditorMaterials/Cascade/CASC_ModuleEnable_MAT.uexp" 1317
"../../../Engine/Content/EditorMaterials/Cascade/CASC_ModuleDisable.uasset" 1318
"../../../Engine/Content/EditorMaterials/Cascade/CASC_ModuleDisable.uexp" 1319
"../../../Engine/Content/EditorMaterials/Cascade/CASC_ModuleDisable_MAT.uasset" 1320
"../../../Engine/Content/EditorMaterials/Cascade/CASC_ModuleDisable_MAT.uexp" 1321
"../../../Engine/Content/EditorMaterials/Cascade/CASC_DisabledModule.uasset" 1322
"../../../Engine/Content/EditorMaterials/Cascade/CASC_DisabledModule.uexp" 1323
"../../../Engine/Content/EditorMaterials/Cascade/CASC_CurveEd.uasset" 1324
"../../../Engine/Content/EditorMaterials/Cascade/CASC_CurveEd.uexp" 1325
"../../../Engine/Content/EditorMaterials/Cascade/CASC_CurveEd_MAT.uasset" 1326
"../../../Engine/Content/EditorMaterials/Cascade/CASC_CurveEd_MAT.uexp" 1327
"../../../Engine/Content/EditorMaterials/AssetViewer/T_ClearSky.uasset" 1328
"../../../Engine/Content/EditorMaterials/AssetViewer/T_ClearSky.uexp" 1329
"../../../Engine/Content/MapTemplates/Sky/SunsetAmbientCubemap.uasset" 1330
"../../../Engine/Content/MapTemplates/Sky/SunsetAmbientCubemap.uexp" 1331
"../../../Engine/Content/EditorMaterials/AssetViewer/M_SkyBox.uasset" 1332
"../../../Engine/Content/EditorMaterials/AssetViewer/M_SkyBox.uexp" 1333
"../../../Engine/Content/EditorMaterials/AssetViewer/EpicQuadPanorama_CC+EV1.uasset" 1334
"../../../Engine/Content/EditorMaterials/AssetViewer/EpicQuadPanorama_CC+EV1.uexp" 1335
"F:/Study/The-final-game/horror/Content/StylizedProvencal/Textures/T_Wood_H.ubulk" 1336
"F:/Study/The-final-game/horror/Content/StylizedProvencal/Textures/T_Wood_H.uasset" 1337
"F:/Study/The-final-game/horror/Content/StylizedProvencal/Textures/T_Wood_H.uexp" 1338
"F:/Study/The-final-game/horror/Content/StylizedProvencal/Textures/T_WoodTrunk_H.ubulk" 1339
"F:/Study/The-final-game/horror/Content/StylizedProvencal/Textures/T_WoodTrunk_H.uasset" 1340
"F:/Study/The-final-game/horror/Content/StylizedProvencal/Textures/T_WoodTrunk_H.uexp" 1341
"F:/Study/The-final-game/horror/Content/StylizedProvencal/Textures/T_Water_N.ubulk" 1342
"F:/Study/The-final-game/horror/Content/StylizedProvencal/Textures/T_Water_N.uasset" 1343
"F:/Study/The-final-game/horror/Content/StylizedProvencal/Textures/T_Water_N.uexp" 1344
"F:/Study/The-final-game/horror/Content/StylizedProvencal/Textures/T_Water_B.ubulk" 1345
"F:/Study/The-final-game/horror/Content/StylizedProvencal/Textures/T_Water_B.uasset" 1346
"F:/Study/The-final-game/horror/Content/StylizedProvencal/Textures/T_Water_B.uexp" 1347
"F:/Study/The-final-game/horror/Content/StylizedProvencal/Textures/T_StoneWall02_01_H.ubulk" 1348
"F:/Study/The-final-game/horror/Content/StylizedProvencal/Textures/T_StoneWall02_01_H.uasset" 1349
"F:/Study/The-final-game/horror/Content/StylizedProvencal/Textures/T_StoneWall02_01_H.uexp" 1350
"F:/Study/The-final-game/horror/Content/StylizedProvencal/Textures/T_Plaster_H.ubulk" 1351
"F:/Study/The-final-game/horror/Content/StylizedProvencal/Textures/T_Plaster_H.uasset" 1352
"F:/Study/The-final-game/horror/Content/StylizedProvencal/Textures/T_Plaster_H.uexp" 1353
"F:/Study/The-final-game/horror/Content/StylizedProvencal/Textures/T_Flowmap_02_N.ubulk" 1354
"F:/Study/The-final-game/horror/Content/StylizedProvencal/Textures/T_Flowmap_02_N.uasset" 1355
"F:/Study/The-final-game/horror/Content/StylizedProvencal/Textures/T_Flowmap_02_N.uexp" 1356
"F:/Study/The-final-game/horror/Content/StylizedProvencal/Textures/T_Clouds_01_M.ubulk" 1357
"F:/Study/The-final-game/horror/Content/StylizedProvencal/Textures/T_Clouds_01_M.uasset" 1358
"F:/Study/The-final-game/horror/Content/StylizedProvencal/Textures/T_Clouds_01_M.uexp" 1359
"../../../Engine/Content/Functions/Engine_MaterialFunctions01/Density/ExponentialDensity.uasset" 1360
"../../../Engine/Content/Functions/Engine_MaterialFunctions01/Density/ExponentialDensity.uexp" 1361
"../../../Engine/Content/Functions/Engine_MaterialFunctions01/Gradient/RadialGradientExponential.uasset" 1362
"../../../Engine/Content/Functions/Engine_MaterialFunctions01/Gradient/RadialGradientExponential.uexp" 1363
"F:/Study/The-final-game/horror/Content/StylizedProvencal/Materials/MM_WindTrails.uasset" 1364
"F:/Study/The-final-game/horror/Content/StylizedProvencal/Materials/MM_WindTrails.uexp" 1365
"../../../Engine/Content/EngineMaterials/OrientParticle.uasset" 1366
"../../../Engine/Content/EngineMaterials/OrientParticle.uexp" 1367
"../../../Engine/Content/EngineMaterials/DefaultParticle.uasset" 1368
"../../../Engine/Content/EngineMaterials/DefaultParticle.uexp" 1369
"F:/Study/The-final-game/horror/Content/StylizedProvencal/Particles/P_WindTrails.uasset" 1370
"F:/Study/The-final-game/horror/Content/StylizedProvencal/Particles/P_WindTrails.uexp" 1371
"F:/Study/The-final-game/horror/Content/level/MainMenu/istockphoto-696869512-170667a.uasset" 1372
"F:/Study/The-final-game/horror/Content/level/MainMenu/istockphoto-696869512-170667a.uexp" 1373
"F:/Study/The-final-game/horror/Content/Horse/Textures/T_Reins_LeatherBlack_Dif.ubulk" 1374
"F:/Study/The-final-game/horror/Content/Horse/Textures/T_Reins_LeatherBlack_Dif.uasset" 1375
"F:/Study/The-final-game/horror/Content/Horse/Textures/T_Reins_LeatherBlack_Dif.uexp" 1376
"F:/Study/The-final-game/horror/Content/Horse/Textures/T_Horse_White_Dif.ubulk" 1377
"F:/Study/The-final-game/horror/Content/Horse/Textures/T_Horse_White_Dif.uasset" 1378
"F:/Study/The-final-game/horror/Content/Horse/Textures/T_Horse_White_Dif.uexp" 1379
"F:/Study/The-final-game/horror/Content/Horse/Textures/T_Horse_SM_2.ubulk" 1380
"F:/Study/The-final-game/horror/Content/Horse/Textures/T_Horse_SM_2.uasset" 1381
"F:/Study/The-final-game/horror/Content/Horse/Textures/T_Horse_SM_2.uexp" 1382
"F:/Study/The-final-game/horror/Content/Horse/Textures/T_Horse_Orange_Dif.ubulk" 1383
"F:/Study/The-final-game/horror/Content/Horse/Textures/T_Horse_Orange_Dif.uasset" 1384
"F:/Study/The-final-game/horror/Content/Horse/Textures/T_Horse_Orange_Dif.uexp" 1385
"F:/Study/The-final-game/horror/Content/Horse/Textures/T_Horse_Hair_SM.ubulk" 1386
"F:/Study/The-final-game/horror/Content/Horse/Textures/T_Horse_Hair_SM.uasset" 1387
"F:/Study/The-final-game/horror/Content/Horse/Textures/T_Horse_Hair_SM.uexp" 1388
"F:/Study/The-final-game/horror/Content/Horse/Textures/T_Horse_Gray-White-WithSpots_Dif.ubulk" 1389
"F:/Study/The-final-game/horror/Content/Horse/Textures/T_Horse_Gray-White-WithSpots_Dif.uasset" 1390
"F:/Study/The-final-game/horror/Content/Horse/Textures/T_Horse_Gray-White-WithSpots_Dif.uexp" 1391
"F:/Study/The-final-game/horror/Content/Horse/Textures/T_Horse_Brown_2_Dif.ubulk" 1392
"F:/Study/The-final-game/horror/Content/Horse/Textures/T_Horse_Brown_2_Dif.uasset" 1393
"F:/Study/The-final-game/horror/Content/Horse/Textures/T_Horse_Brown_2_Dif.uexp" 1394
"F:/Study/The-final-game/horror/Content/Horse/Textures/T_Horse_Brown-White_Dif.ubulk" 1395
"F:/Study/The-final-game/horror/Content/Horse/Textures/T_Horse_Brown-White_Dif.uasset" 1396
"F:/Study/The-final-game/horror/Content/Horse/Textures/T_Horse_Brown-White_Dif.uexp" 1397
"F:/Study/The-final-game/horror/Content/Horse/Textures/T_Horse_Black_Dif.ubulk" 1398
"F:/Study/The-final-game/horror/Content/Horse/Textures/T_Horse_Black_Dif.uasset" 1399
"F:/Study/The-final-game/horror/Content/Horse/Textures/T_Horse_Black_Dif.uexp" 1400
"F:/Study/The-final-game/horror/Content/Horse/Textures/T_Horse_Black-White_Dif.ubulk" 1401
"F:/Study/The-final-game/horror/Content/Horse/Textures/T_Horse_Black-White_Dif.uasset" 1402
"F:/Study/The-final-game/horror/Content/Horse/Textures/T_Horse_Black-White_Dif.uexp" 1403
"F:/Study/The-final-game/horror/Content/Horse/Textures/T_Hair_Healthy_Occ.uasset" 1404
"F:/Study/The-final-game/horror/Content/Horse/Textures/T_Hair_Healthy_Occ.uexp" 1405
"F:/Study/The-final-game/horror/Content/Horse/Textures/T_Hair_Healthy_Dif.uasset" 1406
"F:/Study/The-final-game/horror/Content/Horse/Textures/T_Hair_Healthy_Dif.uexp" 1407
"F:/Study/The-final-game/horror/Content/Horse/Textures/T_Hair_BlackStraw_Dif.uasset" 1408
"F:/Study/The-final-game/horror/Content/Horse/Textures/T_Hair_BlackStraw_Dif.uexp" 1409
"F:/Study/The-final-game/horror/Content/Horse/Materials/Mat_Reins_BlackLeather.uasset" 1410
"F:/Study/The-final-game/horror/Content/Horse/Materials/Mat_Reins_BlackLeather.uexp" 1411
"F:/Study/The-final-game/horror/Content/Horse/Materials/Mat_Horse_White.uasset" 1412
"F:/Study/The-final-game/horror/Content/Horse/Materials/Mat_Horse_White.uexp" 1413
"F:/Study/The-final-game/horror/Content/Horse/Materials/Mat_Horse_Hair_Orange_Mono.uasset" 1414
"F:/Study/The-final-game/horror/Content/Horse/Materials/Mat_Horse_Hair_Orange_Mono.uexp" 1415
"F:/Study/The-final-game/horror/Content/Horse/Materials/Mat_Horse_Hair_Orange.uasset" 1416
"F:/Study/The-final-game/horror/Content/Horse/Materials/Mat_Horse_Hair_Orange.uexp" 1417
"F:/Study/The-final-game/horror/Content/Horse/Materials/Mat_Horse_Hair_Gray_Mono.uasset" 1418
"F:/Study/The-final-game/horror/Content/Horse/Materials/Mat_Horse_Hair_Gray_Mono.uexp" 1419
"F:/Study/The-final-game/horror/Content/Horse/Materials/Mat_Horse_Hair_Gray.uasset" 1420
"F:/Study/The-final-game/horror/Content/Horse/Materials/Mat_Horse_Hair_Gray.uexp" 1421
"F:/Study/The-final-game/horror/Content/Horse/Materials/Mat_Horse_Hair_DarkBrown_Mono.uasset" 1422
"F:/Study/The-final-game/horror/Content/Horse/Materials/Mat_Horse_Hair_DarkBrown_Mono.uexp" 1423
"F:/Study/The-final-game/horror/Content/Horse/Materials/Mat_Horse_Hair_DarkBrown.uasset" 1424
"F:/Study/The-final-game/horror/Content/Horse/Materials/Mat_Horse_Hair_DarkBrown.uexp" 1425
"F:/Study/The-final-game/horror/Content/Horse/Materials/Mat_Horse_Hair_Black_Mono.uasset" 1426
"F:/Study/The-final-game/horror/Content/Horse/Materials/Mat_Horse_Hair_Black_Mono.uexp" 1427
"F:/Study/The-final-game/horror/Content/Horse/Materials/Mat_Horse_Gray-White-WithSpots.uasset" 1428
"F:/Study/The-final-game/horror/Content/Horse/Materials/Mat_Horse_Gray-White-WithSpots.uexp" 1429
"F:/Study/The-final-game/horror/Content/enemy1/Animations/Block.uasset" 1430
"F:/Study/The-final-game/horror/Content/enemy1/Animations/Block.uexp" 1431
"F:/Study/The-final-game/horror/Content/Bow/textures/quiver_mt_normal.ubulk" 1432
"F:/Study/The-final-game/horror/Content/Bow/textures/quiver_mt_normal.uasset" 1433
"F:/Study/The-final-game/horror/Content/Bow/textures/quiver_mt_normal.uexp" 1434
"F:/Study/The-final-game/horror/Content/Bow/textures/quiver_mt_albedo.ubulk" 1435
"F:/Study/The-final-game/horror/Content/Bow/textures/quiver_mt_albedo.uasset" 1436
"F:/Study/The-final-game/horror/Content/Bow/textures/quiver_mt_albedo.uexp" 1437
"F:/Study/The-final-game/horror/Content/Bow/textures/quiver_mt_AO.ubulk" 1438
"F:/Study/The-final-game/horror/Content/Bow/textures/quiver_mt_AO.uasset" 1439
"F:/Study/The-final-game/horror/Content/Bow/textures/quiver_mt_AO.uexp" 1440
"F:/Study/The-final-game/horror/Content/Bow/textures/quiver_mt_roughness.ubulk" 1441
"F:/Study/The-final-game/horror/Content/Bow/textures/quiver_mt_roughness.uasset" 1442
"F:/Study/The-final-game/horror/Content/Bow/textures/quiver_mt_roughness.uexp" 1443
"F:/Study/The-final-game/horror/Content/Bow/textures/quiver_mt_metallic.ubulk" 1444
"F:/Study/The-final-game/horror/Content/Bow/textures/quiver_mt_metallic.uasset" 1445
"F:/Study/The-final-game/horror/Content/Bow/textures/quiver_mt_metallic.uexp" 1446
"F:/Study/The-final-game/horror/Content/Bow/source/quiver_mt.uasset" 1447
"F:/Study/The-final-game/horror/Content/Bow/source/quiver_mt.uexp" 1448
"F:/Study/The-final-game/horror/Content/Bow/Animations/Standing_Equip_Bow.uasset" 1449
"F:/Study/The-final-game/horror/Content/Bow/Animations/Standing_Equip_Bow.uexp" 1450
"../../../Engine/Content/Functions/Engine_MaterialFunctions01/Shading/PowerToRoughness.uasset" 1451
"../../../Engine/Content/Functions/Engine_MaterialFunctions01/Shading/PowerToRoughness.uexp" 1452
"../../../Engine/Content/EngineMaterials/Substrate/Volume/SubstrateSimpleVolumeLUT3D.uasset" 1453
"../../../Engine/Content/EngineMaterials/Substrate/Volume/SubstrateSimpleVolumeLUT3D.uexp" 1454
"../../../Engine/Content/EngineMaterials/Substrate/Volume/SubstrateSimpleVolumeEnvLUT3D.uasset" 1455
"../../../Engine/Content/EngineMaterials/Substrate/Volume/SubstrateSimpleVolumeEnvLUT3D.uexp" 1456
"../../../Engine/Content/EngineMaterials/Substrate/GLints2/AGlintTex2dArray2.uasset" 1457
"../../../Engine/Content/EngineMaterials/Substrate/GLints2/AGlintTex2dArray2.uexp" 1458
"F:/Study/The-final-game/horror/Content/Fix/S_Terrain.uasset" 1459
"F:/Study/The-final-game/horror/Content/Fix/S_Terrain.uexp" 1460
"../../../Engine/Content/Functions/Engine_MaterialFunctions02/WorldPositionOffset/V2/ObjectScale.uasset" 1461
"../../../Engine/Content/Functions/Engine_MaterialFunctions02/WorldPositionOffset/V2/ObjectScale.uexp" 1462
"../../../Engine/Content/Functions/Engine_MaterialFunctions02/WorldPositionOffset/ComponentPivotLocation.uasset" 1463
"../../../Engine/Content/Functions/Engine_MaterialFunctions02/WorldPositionOffset/ComponentPivotLocation.uexp" 1464
"../../../Engine/Content/Functions/Engine_MaterialFunctions02/WorldPositionOffset/Sprite.uasset" 1465
"../../../Engine/Content/Functions/Engine_MaterialFunctions02/WorldPositionOffset/Sprite.uexp" 1466
"../../../Engine/Plugins/Experimental/Landmass/Content/Landscape/BlueprintBrushes/Materials/Sprite/M_BrushSprite_01.uasset" 1467
"../../../Engine/Plugins/Experimental/Landmass/Content/Landscape/BlueprintBrushes/Materials/Sprite/M_BrushSprite_01.uexp" 1468
"../../../Engine/Plugins/Experimental/Landmass/Content/Landscape/BlueprintBrushes/MPC/MPC_Landscape.uasset" 1469
"../../../Engine/Plugins/Experimental/Landmass/Content/Landscape/BlueprintBrushes/MPC/MPC_Landscape.uexp" 1470
"../../../Engine/Plugins/Experimental/Landmass/Content/Landscape/BlueprintBrushes/MF/LandmassBrush_UVs.uasset" 1471
"../../../Engine/Plugins/Experimental/Landmass/Content/Landscape/BlueprintBrushes/MF/LandmassBrush_UVs.uexp" 1472
"../../../Engine/Plugins/Experimental/Landmass/Content/Landscape/BlueprintBrushes/MF/LandmassBrush_EdgeFalloff.uasset" 1473
"../../../Engine/Plugins/Experimental/Landmass/Content/Landscape/BlueprintBrushes/MF/LandmassBrush_EdgeFalloff.uexp" 1474
"../../../Engine/Plugins/Experimental/Landmass/Content/Landscape/BlueprintBrushes/MF/PointSampleLandscapeUVs.uasset" 1475
"../../../Engine/Plugins/Experimental/Landmass/Content/Landscape/BlueprintBrushes/MF/PointSampleLandscapeUVs.uexp" 1476
"../../../Engine/Plugins/Experimental/Landmass/Content/Landscape/OldPrototype_BP/Mats/MF/UnpackRG8Height.uasset" 1477
"../../../Engine/Plugins/Experimental/Landmass/Content/Landscape/OldPrototype_BP/Mats/MF/UnpackRG8Height.uexp" 1478
"../../../Engine/Plugins/Experimental/Landmass/Content/Landscape/BlueprintBrushes/MF/Landmass_BrushTilt.uasset" 1479
"../../../Engine/Plugins/Experimental/Landmass/Content/Landscape/BlueprintBrushes/MF/Landmass_BrushTilt.uexp" 1480
"../../../Engine/Content/ArtTools/RenderToTexture/Textures/T_EV_BlankWhite_01.uasset" 1481
"../../../Engine/Content/ArtTools/RenderToTexture/Textures/T_EV_BlankWhite_01.uexp" 1482
"F:/Study/The-final-game/horror/Content/Fix/TilingAAGrid_New.uasset" 1483
"F:/Study/The-final-game/horror/Content/Fix/TilingAAGrid_New.uexp" 1484
"../../../Engine/Content/Functions/Engine_MaterialFunctions01/ImageAdjustment/SCurve.uasset" 1485
"../../../Engine/Content/Functions/Engine_MaterialFunctions01/ImageAdjustment/SCurve.uexp" 1486
"../../../Engine/Content/EngineResources/Black_Low.uasset" 1487
"../../../Engine/Content/EngineResources/Black_Low.uexp" 1488
"../../../Engine/Plugins/Experimental/Landmass/Content/Landscape/BlueprintBrushes/MF/LandmassBrush_Noise.uasset" 1489
"../../../Engine/Plugins/Experimental/Landmass/Content/Landscape/BlueprintBrushes/MF/LandmassBrush_Noise.uexp" 1490
"../../../Engine/Plugins/Experimental/Landmass/Content/Landscape/BlueprintBrushes/Materials/BrushMaterials/BasicFunctions/LandmassBrush_ShapeMask.uasset" 1491
"../../../Engine/Plugins/Experimental/Landmass/Content/Landscape/BlueprintBrushes/Materials/BrushMaterials/BasicFunctions/LandmassBrush_ShapeMask.uexp" 1492
"../../../Engine/Plugins/Experimental/Landmass/Content/Landscape/BlueprintBrushes/Materials/Internal/BrushBounds.uasset" 1493
"../../../Engine/Plugins/Experimental/Landmass/Content/Landscape/BlueprintBrushes/Materials/Internal/BrushBounds.uexp" 1494
"../../../Engine/Content/EngineMaterials/Substrate/GLints/AGlintTex2dArray.uasset" 1495
"../../../Engine/Content/EngineMaterials/Substrate/GLints/AGlintTex2dArray.uexp" 1496
"../../../Engine/Content/EditorResources/FieldNodes/_Resources/EFieldNoiseCompMode.uasset" 1497
"../../../Engine/Content/EditorResources/FieldNodes/_Resources/EFieldNoiseCompMode.uexp" 1498
"../../../Engine/Content/EditorResources/FieldNodes/Niagara/FS_BaseField.uasset" 1499
"../../../Engine/Content/EditorResources/FieldNodes/Niagara/FS_BaseField.uexp" 1500
"../../../Engine/Content/EditorResources/FieldNodes/Niagara/FS_WaveScalarField.uasset" 1501
"../../../Engine/Content/EditorResources/FieldNodes/Niagara/FS_WaveScalarField.uexp" 1502
"../../../Engine/Content/EditorResources/FieldNodes/Niagara/FS_UniformVectorField.uasset" 1503
"../../../Engine/Content/EditorResources/FieldNodes/Niagara/FS_UniformVectorField.uexp" 1504
"../../../Engine/Content/EditorResources/FieldNodes/Niagara/FS_UniformScalarField.uasset" 1505
"../../../Engine/Content/EditorResources/FieldNodes/Niagara/FS_UniformScalarField.uexp" 1506
"../../../Engine/Content/EditorResources/FieldNodes/Niagara/FS_RadialField.uasset" 1507
"../../../Engine/Content/EditorResources/FieldNodes/Niagara/FS_RadialField.uexp" 1508
"../../../Engine/Content/EngineMaterials/FlatNormal.uasset" 1509
"../../../Engine/Content/EngineMaterials/FlatNormal.uexp" 1510
"../../../Engine/Content/EngineMaterials/WeightMapPlaceholderTexture.uasset" 1511
"../../../Engine/Content/EngineMaterials/WeightMapPlaceholderTexture.uexp" 1512
"F:/Study/The-final-game/horror/Content/StylizedProvencal/Materials/Landscape/MM_RVT_Landscape.uasset" 1513
"F:/Study/The-final-game/horror/Content/StylizedProvencal/Materials/Landscape/MM_RVT_Landscape.uexp" 1514
"F:/Study/The-final-game/horror/Content/StylizedProvencal/Materials/Landscape/MI_RVT_Landscape.uasset" 1515
"F:/Study/The-final-game/horror/Content/StylizedProvencal/Materials/Landscape/MI_RVT_Landscape.uexp" 1516
"F:/Study/The-final-game/horror/Content/level/MainMenu/QuitGameWidget1.uasset" 1517
"F:/Study/The-final-game/horror/Content/level/MainMenu/QuitGameWidget1.uexp" 1518
"F:/Study/The-final-game/horror/Content/level/MainMenu/QuitGameBP.uasset" 1519
"F:/Study/The-final-game/horror/Content/level/MainMenu/QuitGameBP.uexp" 1520
"F:/Study/The-final-game/horror/Content/level/MainMenu/MainMenuWidget1.uasset" 1521
"F:/Study/The-final-game/horror/Content/level/MainMenu/MainMenuWidget1.uexp" 1522
"F:/Study/The-final-game/horror/Content/level/MainMenu/MainMenuFirst.uasset" 1523
"F:/Study/The-final-game/horror/Content/level/MainMenu/MainMenuFirst.uexp" 1524
"F:/Study/The-final-game/horror/Content/level/MainMenu/Options.uasset" 1525
"F:/Study/The-final-game/horror/Content/level/MainMenu/Options.uexp" 1526
"F:/Study/The-final-game/horror/Content/level/MainMenu/OptionsBP.uasset" 1527
"F:/Study/The-final-game/horror/Content/level/MainMenu/OptionsBP.uexp" 1528
"F:/Study/The-final-game/horror/Content/Sound/SA_River.uasset" 1529
"F:/Study/The-final-game/horror/Content/Sound/SA_River.uexp" 1530
"F:/Study/The-final-game/horror/Content/Sound/River.ubulk" 1531
"F:/Study/The-final-game/horror/Content/Sound/River.uasset" 1532
"F:/Study/The-final-game/horror/Content/Sound/River.uexp" 1533
"F:/Study/The-final-game/horror/Content/Sound/S_River.uasset" 1534
"F:/Study/The-final-game/horror/Content/Sound/S_River.uexp" 1535
"F:/Study/The-final-game/horror/Content/Horse/Textures/T_Saddle_Roughness.ubulk" 1536
"F:/Study/The-final-game/horror/Content/Horse/Textures/T_Saddle_Roughness.uasset" 1537
"F:/Study/The-final-game/horror/Content/Horse/Textures/T_Saddle_Roughness.uexp" 1538
"F:/Study/The-final-game/horror/Content/Horse/Textures/T_Saddle_SM.ubulk" 1539
"F:/Study/The-final-game/horror/Content/Horse/Textures/T_Saddle_SM.uasset" 1540
"F:/Study/The-final-game/horror/Content/Horse/Textures/T_Saddle_SM.uexp" 1541
"F:/Study/The-final-game/horror/Content/Horse/Textures/T_Saddle_Brown_Dif.ubulk" 1542
"F:/Study/The-final-game/horror/Content/Horse/Textures/T_Saddle_Brown_Dif.uasset" 1543
"F:/Study/The-final-game/horror/Content/Horse/Textures/T_Saddle_Brown_Dif.uexp" 1544
"F:/Study/The-final-game/horror/Content/Horse/Materials/Mat_Saddle_Brown.uasset" 1545
"F:/Study/The-final-game/horror/Content/Horse/Materials/Mat_Saddle_Brown.uexp" 1546
"F:/Study/The-final-game/horror/Content/Horse/Textures/T_Horse_Teeth_Roughness.ubulk" 1547
"F:/Study/The-final-game/horror/Content/Horse/Textures/T_Horse_Teeth_Roughness.uasset" 1548
"F:/Study/The-final-game/horror/Content/Horse/Textures/T_Horse_Teeth_Roughness.uexp" 1549
"F:/Study/The-final-game/horror/Content/Horse/Textures/T_Horse_Teeth_Dif.ubulk" 1550
"F:/Study/The-final-game/horror/Content/Horse/Textures/T_Horse_Teeth_Dif.uasset" 1551
"F:/Study/The-final-game/horror/Content/Horse/Textures/T_Horse_Teeth_Dif.uexp" 1552
"F:/Study/The-final-game/horror/Content/Horse/Materials/Mat_Horse_Teeth.uasset" 1553
"F:/Study/The-final-game/horror/Content/Horse/Materials/Mat_Horse_Teeth.uexp" 1554
"F:/Study/The-final-game/horror/Content/Horse/Textures/T_Reins_LeatherBrown_Dif.ubulk" 1555
"F:/Study/The-final-game/horror/Content/Horse/Textures/T_Reins_LeatherBrown_Dif.uasset" 1556
"F:/Study/The-final-game/horror/Content/Horse/Textures/T_Reins_LeatherBrown_Dif.uexp" 1557
"F:/Study/The-final-game/horror/Content/Horse/Textures/T_Reins_Roughness.ubulk" 1558
"F:/Study/The-final-game/horror/Content/Horse/Textures/T_Reins_Roughness.uasset" 1559
"F:/Study/The-final-game/horror/Content/Horse/Textures/T_Reins_Roughness.uexp" 1560
"F:/Study/The-final-game/horror/Content/Horse/Textures/T_Reins_SM.ubulk" 1561
"F:/Study/The-final-game/horror/Content/Horse/Textures/T_Reins_SM.uasset" 1562
"F:/Study/The-final-game/horror/Content/Horse/Textures/T_Reins_SM.uexp" 1563
"F:/Study/The-final-game/horror/Content/Horse/Materials/Mat_Reins_BrownLeather.uasset" 1564
"F:/Study/The-final-game/horror/Content/Horse/Materials/Mat_Reins_BrownLeather.uexp" 1565
"F:/Study/The-final-game/horror/Content/Horse/Textures/T_Footholds_SM.ubulk" 1566
"F:/Study/The-final-game/horror/Content/Horse/Textures/T_Footholds_SM.uasset" 1567
"F:/Study/The-final-game/horror/Content/Horse/Textures/T_Footholds_SM.uexp" 1568
"F:/Study/The-final-game/horror/Content/Horse/Textures/T_Footholds_Roughness.ubulk" 1569
"F:/Study/The-final-game/horror/Content/Horse/Textures/T_Footholds_Roughness.uasset" 1570
"F:/Study/The-final-game/horror/Content/Horse/Textures/T_Footholds_Roughness.uexp" 1571
"F:/Study/The-final-game/horror/Content/Horse/Textures/T_Footholds_Dif.ubulk" 1572
"F:/Study/The-final-game/horror/Content/Horse/Textures/T_Footholds_Dif.uasset" 1573
"F:/Study/The-final-game/horror/Content/Horse/Textures/T_Footholds_Dif.uexp" 1574
"F:/Study/The-final-game/horror/Content/Horse/Materials/Mat_Sadle_Footholds_Metal.uasset" 1575
"F:/Study/The-final-game/horror/Content/Horse/Materials/Mat_Sadle_Footholds_Metal.uexp" 1576
"F:/Study/The-final-game/horror/Content/Horse/Animations/HorseRide.uasset" 1577
"F:/Study/The-final-game/horror/Content/Horse/Animations/HorseRide.uexp" 1578
"F:/Study/The-final-game/horror/Content/Horse/Textures/T_Saddle_Cloth_White_Roughness.ubulk" 1579
"F:/Study/The-final-game/horror/Content/Horse/Textures/T_Saddle_Cloth_White_Roughness.uasset" 1580
"F:/Study/The-final-game/horror/Content/Horse/Textures/T_Saddle_Cloth_White_Roughness.uexp" 1581
"F:/Study/The-final-game/horror/Content/Horse/Textures/T_Saddle_Cloth_White_Dif.ubulk" 1582
"F:/Study/The-final-game/horror/Content/Horse/Textures/T_Saddle_Cloth_White_Dif.uasset" 1583
"F:/Study/The-final-game/horror/Content/Horse/Textures/T_Saddle_Cloth_White_Dif.uexp" 1584
"F:/Study/The-final-game/horror/Content/Horse/Textures/T_Saddle_Cloth_SM.ubulk" 1585
"F:/Study/The-final-game/horror/Content/Horse/Textures/T_Saddle_Cloth_SM.uasset" 1586
"F:/Study/The-final-game/horror/Content/Horse/Textures/T_Saddle_Cloth_SM.uexp" 1587
"F:/Study/The-final-game/horror/Content/Horse/Materials/Mat_Saddle_Cloth_White.uasset" 1588
"F:/Study/The-final-game/horror/Content/Horse/Materials/Mat_Saddle_Cloth_White.uexp" 1589
"F:/Study/The-final-game/horror/Content/Horse/Horse_Skeleton.uasset" 1590
"F:/Study/The-final-game/horror/Content/Horse/Horse_Skeleton.uexp" 1591
"F:/Study/The-final-game/horror/Content/Horse/Animations/Horse_Rig_Walk_Type_1.uasset" 1592
"F:/Study/The-final-game/horror/Content/Horse/Animations/Horse_Rig_Walk_Type_1.uexp" 1593
"F:/Study/The-final-game/horror/Content/Horse/Animations/Horse_Rig_Idle_LookAround.uasset" 1594
"F:/Study/The-final-game/horror/Content/Horse/Animations/Horse_Rig_Idle_LookAround.uexp" 1595
"F:/Study/The-final-game/horror/Content/Horse/Animations/Horse_Rig_Gallop_Type_1.uasset" 1596
"F:/Study/The-final-game/horror/Content/Horse/Animations/Horse_Rig_Gallop_Type_1.uexp" 1597
"F:/Study/The-final-game/horror/Content/Horse/Animations/BS_Horse.uasset" 1598
"F:/Study/The-final-game/horror/Content/Horse/Animations/BS_Horse.uexp" 1599
"F:/Study/The-final-game/horror/Content/Horse/Animations/BPA_Horse.uasset" 1600
"F:/Study/The-final-game/horror/Content/Horse/Animations/BPA_Horse.uexp" 1601
"F:/Study/The-final-game/horror/Content/Horse/Textures/T_Horse_Eye_Dif.ubulk" 1602
"F:/Study/The-final-game/horror/Content/Horse/Textures/T_Horse_Eye_Dif.uasset" 1603
"F:/Study/The-final-game/horror/Content/Horse/Textures/T_Horse_Eye_Dif.uexp" 1604
"F:/Study/The-final-game/horror/Content/Horse/Textures/T_Horse_Eye_Roughness.ubulk" 1605
"F:/Study/The-final-game/horror/Content/Horse/Textures/T_Horse_Eye_Roughness.uasset" 1606
"F:/Study/The-final-game/horror/Content/Horse/Textures/T_Horse_Eye_Roughness.uexp" 1607
"F:/Study/The-final-game/horror/Content/Horse/Materials/Mat_Horse_Eyeball_Mat.uasset" 1608
"F:/Study/The-final-game/horror/Content/Horse/Materials/Mat_Horse_Eyeball_Mat.uexp" 1609
"F:/Study/The-final-game/horror/Content/Horse/Textures/T_Horse_SM_1.ubulk" 1610
"F:/Study/The-final-game/horror/Content/Horse/Textures/T_Horse_SM_1.uasset" 1611
"F:/Study/The-final-game/horror/Content/Horse/Textures/T_Horse_SM_1.uexp" 1612
"F:/Study/The-final-game/horror/Content/Horse/Textures/T_Horse_NM_1.ubulk" 1613
"F:/Study/The-final-game/horror/Content/Horse/Textures/T_Horse_NM_1.uasset" 1614
"F:/Study/The-final-game/horror/Content/Horse/Textures/T_Horse_NM_1.uexp" 1615
"F:/Study/The-final-game/horror/Content/Horse/Textures/T_Horse_Brown_1_Dif.ubulk" 1616
"F:/Study/The-final-game/horror/Content/Horse/Textures/T_Horse_Brown_1_Dif.uasset" 1617
"F:/Study/The-final-game/horror/Content/Horse/Textures/T_Horse_Brown_1_Dif.uexp" 1618
"F:/Study/The-final-game/horror/Content/Horse/Textures/T_Horse_Roughness.ubulk" 1619
"F:/Study/The-final-game/horror/Content/Horse/Textures/T_Horse_Roughness.uasset" 1620
"F:/Study/The-final-game/horror/Content/Horse/Textures/T_Horse_Roughness.uexp" 1621
"F:/Study/The-final-game/horror/Content/Horse/Materials/Mat_Horse_Brown_1.uasset" 1622
"F:/Study/The-final-game/horror/Content/Horse/Materials/Mat_Horse_Brown_1.uexp" 1623
"F:/Study/The-final-game/horror/Content/Horse/Textures/T_Hair_Healthy_SM.uasset" 1624
"F:/Study/The-final-game/horror/Content/Horse/Textures/T_Hair_Healthy_SM.uexp" 1625
"F:/Study/The-final-game/horror/Content/Horse/Textures/T_Horse_Hair_Roughness.ubulk" 1626
"F:/Study/The-final-game/horror/Content/Horse/Textures/T_Horse_Hair_Roughness.uasset" 1627
"F:/Study/The-final-game/horror/Content/Horse/Textures/T_Horse_Hair_Roughness.uexp" 1628
"F:/Study/The-final-game/horror/Content/Horse/Textures/T_Hair_Black_Dif.uasset" 1629
"F:/Study/The-final-game/horror/Content/Horse/Textures/T_Hair_Black_Dif.uexp" 1630
"F:/Study/The-final-game/horror/Content/Horse/Textures/T_Hair_Healthy_N.uasset" 1631
"F:/Study/The-final-game/horror/Content/Horse/Textures/T_Hair_Healthy_N.uexp" 1632
"F:/Study/The-final-game/horror/Content/Horse/Materials/Mat_Horse_Brown_2.uasset" 1633
"F:/Study/The-final-game/horror/Content/Horse/Materials/Mat_Horse_Brown_2.uexp" 1634
"F:/Study/The-final-game/horror/Content/Horse/Textures/T_Horse_Tongue_Dif.ubulk" 1635
"F:/Study/The-final-game/horror/Content/Horse/Textures/T_Horse_Tongue_Dif.uasset" 1636
"F:/Study/The-final-game/horror/Content/Horse/Textures/T_Horse_Tongue_Dif.uexp" 1637
"F:/Study/The-final-game/horror/Content/Horse/Textures/T_Horse_Tongue_Roughness.ubulk" 1638
"F:/Study/The-final-game/horror/Content/Horse/Textures/T_Horse_Tongue_Roughness.uasset" 1639
"F:/Study/The-final-game/horror/Content/Horse/Textures/T_Horse_Tongue_Roughness.uexp" 1640
"F:/Study/The-final-game/horror/Content/Horse/Materials/Mat_Horse_Tongue.uasset" 1641
"F:/Study/The-final-game/horror/Content/Horse/Materials/Mat_Horse_Tongue.uexp" 1642
"F:/Study/The-final-game/horror/Content/Horse/Materials/Mat_Horse_Hair_Black.uasset" 1643
"F:/Study/The-final-game/horror/Content/Horse/Materials/Mat_Horse_Hair_Black.uexp" 1644
"F:/Study/The-final-game/horror/Content/Horse/Textures/T_Saddle_Cloth_Black_Dif.ubulk" 1645
"F:/Study/The-final-game/horror/Content/Horse/Textures/T_Saddle_Cloth_Black_Dif.uasset" 1646
"F:/Study/The-final-game/horror/Content/Horse/Textures/T_Saddle_Cloth_Black_Dif.uexp" 1647
"F:/Study/The-final-game/horror/Content/Horse/Textures/T_Saddle_Cloth_Black_Roughness.ubulk" 1648
"F:/Study/The-final-game/horror/Content/Horse/Textures/T_Saddle_Cloth_Black_Roughness.uasset" 1649
"F:/Study/The-final-game/horror/Content/Horse/Textures/T_Saddle_Cloth_Black_Roughness.uexp" 1650
"F:/Study/The-final-game/horror/Content/Horse/Materials/Mat_Saddle_Cloth_Black.uasset" 1651
"F:/Study/The-final-game/horror/Content/Horse/Materials/Mat_Saddle_Cloth_Black.uexp" 1652
"F:/Study/The-final-game/horror/Content/Horse/Materials/Mat_Horse_Mouth.uasset" 1653
"F:/Study/The-final-game/horror/Content/Horse/Materials/Mat_Horse_Mouth.uexp" 1654
"F:/Study/The-final-game/horror/Content/Horse/Horse.uasset" 1655
"F:/Study/The-final-game/horror/Content/Horse/Horse.uexp" 1656
"F:/Study/The-final-game/horror/Content/Horse/BP_Horse.uasset" 1657
"F:/Study/The-final-game/horror/Content/Horse/BP_Horse.uexp" 1658
"F:/Study/The-final-game/horror/Content/level/MainMenu/BP_MAinMenuPawn.uasset" 1659
"F:/Study/The-final-game/horror/Content/level/MainMenu/BP_MAinMenuPawn.uexp" 1660
"../../../Engine/Content/EngineMeshes/Sphere.ubulk" 1661
"../../../Engine/Content/EngineMeshes/Sphere.uasset" 1662
"../../../Engine/Content/EngineMeshes/Sphere.uexp" 1663
"../../../Engine/Content/ArtTools/RenderToTexture/Meshes/S_1_Unit_Plane.ubulk" 1664
"../../../Engine/Content/ArtTools/RenderToTexture/Meshes/S_1_Unit_Plane.uasset" 1665
"../../../Engine/Content/ArtTools/RenderToTexture/Meshes/S_1_Unit_Plane.uexp" 1666
"F:/Study/The-final-game/horror/Content/Bow/source/model_arrow.ubulk" 1667
"F:/Study/The-final-game/horror/Content/Bow/source/model_arrow.uasset" 1668
"F:/Study/The-final-game/horror/Content/Bow/source/model_arrow.uexp" 1669
"F:/Study/The-final-game/horror/Content/Bow/source/model_arrow_001.ubulk" 1670
"F:/Study/The-final-game/horror/Content/Bow/source/model_arrow_001.uasset" 1671
"F:/Study/The-final-game/horror/Content/Bow/source/model_arrow_001.uexp" 1672
"F:/Study/The-final-game/horror/Content/Bow/source/model_arrow_002.ubulk" 1673
"F:/Study/The-final-game/horror/Content/Bow/source/model_arrow_002.uasset" 1674
"F:/Study/The-final-game/horror/Content/Bow/source/model_arrow_002.uexp" 1675
"F:/Study/The-final-game/horror/Content/Bow/source/model_arrow_004.ubulk" 1676
"F:/Study/The-final-game/horror/Content/Bow/source/model_arrow_004.uasset" 1677
"F:/Study/The-final-game/horror/Content/Bow/source/model_arrow_004.uexp" 1678
"F:/Study/The-final-game/horror/Content/Bow/source/model_arrow_005.ubulk" 1679
"F:/Study/The-final-game/horror/Content/Bow/source/model_arrow_005.uasset" 1680
"F:/Study/The-final-game/horror/Content/Bow/source/model_arrow_005.uexp" 1681
"F:/Study/The-final-game/horror/Content/Bow/source/model_quiver.ubulk" 1682
"F:/Study/The-final-game/horror/Content/Bow/source/model_quiver.uasset" 1683
"F:/Study/The-final-game/horror/Content/Bow/source/model_quiver.uexp" 1684
"F:/Study/The-final-game/horror/Content/StylizedProvencal/Materials/MM_PP_ToonOutilnes.uasset" 1685
"F:/Study/The-final-game/horror/Content/StylizedProvencal/Materials/MM_PP_ToonOutilnes.uexp" 1686
"F:/Study/The-final-game/horror/Content/StylizedProvencal/Materials/MI_PP_ToonOutlines.uasset" 1687
"F:/Study/The-final-game/horror/Content/StylizedProvencal/Materials/MI_PP_ToonOutlines.uexp" 1688
"F:/Study/The-final-game/horror/Content/StylizedProvencal/Materials/MM_PP_TS_InkOnly.uasset" 1689
"F:/Study/The-final-game/horror/Content/StylizedProvencal/Materials/MM_PP_TS_InkOnly.uexp" 1690
"F:/Study/The-final-game/horror/Content/StylizedProvencal/Materials/MI_PP_TS_BlackLine.uasset" 1691
"F:/Study/The-final-game/horror/Content/StylizedProvencal/Materials/MI_PP_TS_BlackLine.uexp" 1692
"F:/Study/The-final-game/horror/Content/StylizedProvencal/Materials/MI_PP_TS_BlackLineHeavy.uasset" 1693
"F:/Study/The-final-game/horror/Content/StylizedProvencal/Materials/MI_PP_TS_BlackLineHeavy.uexp" 1694
"F:/Study/The-final-game/horror/Content/StylizedProvencal/Materials/MI_PP_TS_LineBlackRegular.uasset" 1695
"F:/Study/The-final-game/horror/Content/StylizedProvencal/Materials/MI_PP_TS_LineBlackRegular.uexp" 1696
"F:/Study/The-final-game/horror/Content/StylizedProvencal/Textures/T_Plaster_02_B.ubulk" 1697
"F:/Study/The-final-game/horror/Content/StylizedProvencal/Textures/T_Plaster_02_B.uasset" 1698
"F:/Study/The-final-game/horror/Content/StylizedProvencal/Textures/T_Plaster_02_B.uexp" 1699
"F:/Study/The-final-game/horror/Content/StylizedProvencal/Textures/T_Wood_B.ubulk" 1700
"F:/Study/The-final-game/horror/Content/StylizedProvencal/Textures/T_Wood_B.uasset" 1701
"F:/Study/The-final-game/horror/Content/StylizedProvencal/Textures/T_Wood_B.uexp" 1702
"F:/Study/The-final-game/horror/Content/StylizedProvencal/Textures/T_StoneWall02_B.ubulk" 1703
"F:/Study/The-final-game/horror/Content/StylizedProvencal/Textures/T_StoneWall02_B.uasset" 1704
"F:/Study/The-final-game/horror/Content/StylizedProvencal/Textures/T_StoneWall02_B.uexp" 1705
"F:/Study/The-final-game/horror/Content/StylizedProvencal/Textures/T_StoneWall02_N.ubulk" 1706
"F:/Study/The-final-game/horror/Content/StylizedProvencal/Textures/T_StoneWall02_N.uasset" 1707
"F:/Study/The-final-game/horror/Content/StylizedProvencal/Textures/T_StoneWall02_N.uexp" 1708
"F:/Study/The-final-game/horror/Content/StylizedProvencal/Textures/T_Noise_02_M.ubulk" 1709
"F:/Study/The-final-game/horror/Content/StylizedProvencal/Textures/T_Noise_02_M.uasset" 1710
"F:/Study/The-final-game/horror/Content/StylizedProvencal/Textures/T_Noise_02_M.uexp" 1711
"../../../Engine/Content/Functions/Engine_MaterialFunctions03/Procedurals/PerturbNormalHQ.uasset" 1712
"../../../Engine/Content/Functions/Engine_MaterialFunctions03/Procedurals/PerturbNormalHQ.uexp" 1713
"../../../Engine/Content/Functions/Engine_MaterialFunctions02/Texturing/CustomRotator.uasset" 1714
"../../../Engine/Content/Functions/Engine_MaterialFunctions02/Texturing/CustomRotator.uexp" 1715
"../../../Engine/Content/Functions/Engine_MaterialFunctions01/Texturing/FlattenNormal.uasset" 1716
"../../../Engine/Content/Functions/Engine_MaterialFunctions01/Texturing/FlattenNormal.uexp" 1717
"../../../Engine/Content/EngineVolumetrics/Fogsheet/Materials/T_EV_BlankWhite_01.uasset" 1718
"../../../Engine/Content/EngineVolumetrics/Fogsheet/Materials/T_EV_BlankWhite_01.uexp" 1719
"F:/Study/The-final-game/horror/Content/StylizedProvencal/Textures/T_Wood_N.ubulk" 1720
"F:/Study/The-final-game/horror/Content/StylizedProvencal/Textures/T_Wood_N.uasset" 1721
"F:/Study/The-final-game/horror/Content/StylizedProvencal/Textures/T_Wood_N.uexp" 1722
"F:/Study/The-final-game/horror/Content/StylizedProvencal/Textures/T_Wood_A0RM.ubulk" 1723
"F:/Study/The-final-game/horror/Content/StylizedProvencal/Textures/T_Wood_A0RM.uasset" 1724
"F:/Study/The-final-game/horror/Content/StylizedProvencal/Textures/T_Wood_A0RM.uexp" 1725
"F:/Study/The-final-game/horror/Content/StylizedProvencal/Materials/MF_Plaster.uasset" 1726
"F:/Study/The-final-game/horror/Content/StylizedProvencal/Materials/MF_Plaster.uexp" 1727
"../../../Engine/Content/Functions/Engine_MaterialFunctions02/Texturing/HeightLerp.uasset" 1728
"../../../Engine/Content/Functions/Engine_MaterialFunctions02/Texturing/HeightLerp.uexp" 1729
"../../../Engine/Content/Functions/Engine_MaterialFunctions02/Utility/BlendAngleCorrectedNormals.uasset" 1730
"../../../Engine/Content/Functions/Engine_MaterialFunctions02/Utility/BlendAngleCorrectedNormals.uexp" 1731
"../../../Engine/Content/Functions/Engine_MaterialFunctions03/Procedurals/PreparePerturbNormalHQ.uasset" 1732
"../../../Engine/Content/Functions/Engine_MaterialFunctions03/Procedurals/PreparePerturbNormalHQ.uexp" 1733
"F:/Study/The-final-game/horror/Content/StylizedProvencal/Materials/MF_StoneBricks.uasset" 1734
"F:/Study/The-final-game/horror/Content/StylizedProvencal/Materials/MF_StoneBricks.uexp" 1735
"F:/Study/The-final-game/horror/Content/StylizedProvencal/Materials/MM_Master_VertexPaint_Wall.uasset" 1736
"F:/Study/The-final-game/horror/Content/StylizedProvencal/Materials/MM_Master_VertexPaint_Wall.uexp" 1737
"F:/Study/The-final-game/horror/Content/StylizedProvencal/Textures/T_StoneWall02_A0RM.ubulk" 1738
"F:/Study/The-final-game/horror/Content/StylizedProvencal/Textures/T_StoneWall02_A0RM.uasset" 1739
"F:/Study/The-final-game/horror/Content/StylizedProvencal/Textures/T_StoneWall02_A0RM.uexp" 1740
"F:/Study/The-final-game/horror/Content/StylizedProvencal/Textures/T_StoneWall01_A0RM.ubulk" 1741
"F:/Study/The-final-game/horror/Content/StylizedProvencal/Textures/T_StoneWall01_A0RM.uasset" 1742
"F:/Study/The-final-game/horror/Content/StylizedProvencal/Textures/T_StoneWall01_A0RM.uexp" 1743
"F:/Study/The-final-game/horror/Content/StylizedProvencal/Textures/T_StoneWall02_02_H.ubulk" 1744
"F:/Study/The-final-game/horror/Content/StylizedProvencal/Textures/T_StoneWall02_02_H.uasset" 1745
"F:/Study/The-final-game/horror/Content/StylizedProvencal/Textures/T_StoneWall02_02_H.uexp" 1746
"F:/Study/The-final-game/horror/Content/StylizedProvencal/Textures/T_StoneWall01_N.ubulk" 1747
"F:/Study/The-final-game/horror/Content/StylizedProvencal/Textures/T_StoneWall01_N.uasset" 1748
"F:/Study/The-final-game/horror/Content/StylizedProvencal/Textures/T_StoneWall01_N.uexp" 1749
"F:/Study/The-final-game/horror/Content/StylizedProvencal/Materials/MI_StoneWall_VertexPaint.uasset" 1750
"F:/Study/The-final-game/horror/Content/StylizedProvencal/Materials/MI_StoneWall_VertexPaint.uexp" 1751
"F:/Study/The-final-game/horror/Content/StylizedProvencal/Textures/T_Noise_03_M.ubulk" 1752
"F:/Study/The-final-game/horror/Content/StylizedProvencal/Textures/T_Noise_03_M.uasset" 1753
"F:/Study/The-final-game/horror/Content/StylizedProvencal/Textures/T_Noise_03_M.uexp" 1754
"F:/Study/The-final-game/horror/Content/StylizedProvencal/Materials/MM_Top_planar.uasset" 1755
"F:/Study/The-final-game/horror/Content/StylizedProvencal/Materials/MM_Top_planar.uexp" 1756
"F:/Study/The-final-game/horror/Content/StylizedProvencal/Materials/MI_Top_planar.uasset" 1757
"F:/Study/The-final-game/horror/Content/StylizedProvencal/Materials/MI_Top_planar.uexp" 1758
"../../../Engine/Content/EditorMaterials/Camera/CineMat.uasset" 1759
"../../../Engine/Content/EditorMaterials/Camera/CineMat.uexp" 1760
"../../../Engine/Content/EditorMaterials/Camera/MI_CineMat_CameraBody.uasset" 1761
"../../../Engine/Content/EditorMaterials/Camera/MI_CineMat_CameraBody.uexp" 1762
"../../../Engine/Content/EngineDebugMaterials/M_SimpleOpaque.uasset" 1763
"../../../Engine/Content/EngineDebugMaterials/M_SimpleOpaque.uexp" 1764
"../../../Engine/Content/EditorMaterials/Camera/MI_CineMat_CamViewFinder.uasset" 1765
"../../../Engine/Content/EditorMaterials/Camera/MI_CineMat_CamViewFinder.uexp" 1766
"../../../Engine/Content/EditorMaterials/Cascade/CASC_BackgroundCube_MAT.uasset" 1767
"../../../Engine/Content/EditorMaterials/Cascade/CASC_BackgroundCube_MAT.uexp" 1768
"../../../Engine/Content/EditorMaterials/Cascade/CASC_BackgroundCube_MATInst.uasset" 1769
"../../../Engine/Content/EditorMaterials/Cascade/CASC_BackgroundCube_MATInst.uexp" 1770
"../../../Engine/Content/EditorMaterials/Utilities/LinearColorPicker_MAT.uasset" 1771
"../../../Engine/Content/EditorMaterials/Utilities/LinearColorPicker_MAT.uexp" 1772
"../../../Engine/Content/EditorMaterials/Utilities/LinearColorPicker_MATInst.uasset" 1773
"../../../Engine/Content/EditorMaterials/Utilities/LinearColorPicker_MATInst.uexp" 1774
"../../../Engine/Content/EditorMaterials/Camera/MI_CineMat_Rig.uasset" 1775
"../../../Engine/Content/EditorMaterials/Camera/MI_CineMat_Rig.uexp" 1776
"../../../Engine/Content/EditorMeshes/Camera/SM_CraneRig_Arm.ubulk" 1777
"../../../Engine/Content/EditorMeshes/Camera/SM_CraneRig_Arm.uasset" 1778
"../../../Engine/Content/EditorMeshes/Camera/SM_CraneRig_Arm.uexp" 1779
"../../../Engine/Content/EditorMeshes/Camera/SM_CraneRig_Base.ubulk" 1780
"../../../Engine/Content/EditorMeshes/Camera/SM_CraneRig_Base.uasset" 1781
"../../../Engine/Content/EditorMeshes/Camera/SM_CraneRig_Base.uexp" 1782
"../../../Engine/Content/EditorMeshes/Camera/SM_CraneRig_Body.ubulk" 1783
"../../../Engine/Content/EditorMeshes/Camera/SM_CraneRig_Body.uasset" 1784
"../../../Engine/Content/EditorMeshes/Camera/SM_CraneRig_Body.uexp" 1785
"../../../Engine/Content/EditorMeshes/Camera/SM_CraneRig_Mount.ubulk" 1786
"../../../Engine/Content/EditorMeshes/Camera/SM_CraneRig_Mount.uasset" 1787
"../../../Engine/Content/EditorMeshes/Camera/SM_CraneRig_Mount.uexp" 1788
"../../../Engine/Content/EditorMeshes/Camera/SM_RailRig_Mount.ubulk" 1789
"../../../Engine/Content/EditorMeshes/Camera/SM_RailRig_Mount.uasset" 1790
"../../../Engine/Content/EditorMeshes/Camera/SM_RailRig_Mount.uexp" 1791
"../../../Engine/Content/EditorMeshes/Camera/SM_RailRig_Track.ubulk" 1792
"../../../Engine/Content/EditorMeshes/Camera/SM_RailRig_Track.uasset" 1793
"../../../Engine/Content/EditorMeshes/Camera/SM_RailRig_Track.uexp" 1794
"../../../Engine/Content/EngineSky/VolumetricClouds/T_CloudMask.ubulk" 1795
"../../../Engine/Content/EngineSky/VolumetricClouds/T_CloudMask.uasset" 1796
"../../../Engine/Content/EngineSky/VolumetricClouds/T_CloudMask.uexp" 1797
"../../../Engine/Content/EngineSky/VolumetricClouds/VT_Lightning.uasset" 1798
"../../../Engine/Content/EngineSky/VolumetricClouds/VT_Lightning.uexp" 1799
"../../../Engine/Content/EngineSky/VolumetricClouds/T_Profile_08.ubulk" 1800
"../../../Engine/Content/EngineSky/VolumetricClouds/T_Profile_08.uasset" 1801
"../../../Engine/Content/EngineSky/VolumetricClouds/T_Profile_08.uexp" 1802
"../../../Engine/Content/Functions/Engine_MaterialFunctions01/Units/Km-to-Cm.uasset" 1803
"../../../Engine/Content/Functions/Engine_MaterialFunctions01/Units/Km-to-Cm.uexp" 1804
"../../../Engine/Content/Functions/Engine_MaterialFunctions02/Utility/BreakOutFloat4Components.uasset" 1805
"../../../Engine/Content/Functions/Engine_MaterialFunctions02/Utility/BreakOutFloat4Components.uexp" 1806
"../../../Engine/Content/EngineSky/VolumetricClouds/T_CloudPattern.ubulk" 1807
"../../../Engine/Content/EngineSky/VolumetricClouds/T_CloudPattern.uasset" 1808
"../../../Engine/Content/EngineSky/VolumetricClouds/T_CloudPattern.uexp" 1809
"../../../Engine/Content/EngineSky/VolumetricClouds/VT_PerlinWorley_Balanced.uasset" 1810
"../../../Engine/Content/EngineSky/VolumetricClouds/VT_PerlinWorley_Balanced.uexp" 1811
"../../../Engine/Content/EngineSky/VolumetricClouds/m_SimpleVolumetricCloud.uasset" 1812
"../../../Engine/Content/EngineSky/VolumetricClouds/m_SimpleVolumetricCloud.uexp" 1813
"../../../Engine/Content/EngineSky/VolumetricClouds/m_SimpleVolumetricCloud_Inst.uasset" 1814
"../../../Engine/Content/EngineSky/VolumetricClouds/m_SimpleVolumetricCloud_Inst.uexp" 1815
"../../../Engine/Content/VREditor/LaserPointer/VR_LaserPower_01.ubulk" 1816
"../../../Engine/Content/VREditor/LaserPointer/VR_LaserPower_01.uasset" 1817
"../../../Engine/Content/VREditor/LaserPointer/VR_LaserPower_01.uexp" 1818
"../../../Engine/Content/VREditor/TransformGizmo/TransformGizmoMaterial.uasset" 1819
"../../../Engine/Content/VREditor/TransformGizmo/TransformGizmoMaterial.uexp" 1820
"../../../Engine/Content/VREditor/TransformGizmo/TranslucentTransformGizmoMaterial.uasset" 1821
"../../../Engine/Content/VREditor/TransformGizmo/TranslucentTransformGizmoMaterial.uexp" 1822
"../../../Engine/Content/VREditor/TransformGizmo/BoundingBoxCorner.ubulk" 1823
"../../../Engine/Content/VREditor/TransformGizmo/BoundingBoxCorner.uasset" 1824
"../../../Engine/Content/VREditor/TransformGizmo/BoundingBoxCorner.uexp" 1825
"../../../Engine/Content/VREditor/TransformGizmo/BoundingBoxEdge.ubulk" 1826
"../../../Engine/Content/VREditor/TransformGizmo/BoundingBoxEdge.uasset" 1827
"../../../Engine/Content/VREditor/TransformGizmo/BoundingBoxEdge.uexp" 1828
"../../../Engine/Content/VREditor/TransformGizmo/Main.uasset" 1829
"../../../Engine/Content/VREditor/TransformGizmo/Main.uexp" 1830
"../../../Engine/Content/VREditor/TransformGizmo/Xray.uasset" 1831
"../../../Engine/Content/VREditor/TransformGizmo/Xray.uexp" 1832
"../../../Engine/Content/VREditor/TransformGizmo/SM_Sequencer_Node.ubulk" 1833
"../../../Engine/Content/VREditor/TransformGizmo/SM_Sequencer_Node.uasset" 1834
"../../../Engine/Content/VREditor/TransformGizmo/SM_Sequencer_Node.uexp" 1835
"../../../Engine/Plugins/Experimental/Landmass/Content/Landscape/Meshes/S_SpritePlane.ubulk" 1836
"../../../Engine/Plugins/Experimental/Landmass/Content/Landscape/Meshes/S_SpritePlane.uasset" 1837
"../../../Engine/Plugins/Experimental/Landmass/Content/Landscape/Meshes/S_SpritePlane.uexp" 1838
"../../../Engine/Content/Functions/Engine_MaterialFunctions02/Math/Transform3x3Matrix.uasset" 1839
"../../../Engine/Content/Functions/Engine_MaterialFunctions02/Math/Transform3x3Matrix.uexp" 1840
"../../../Engine/Plugins/Interchange/Assets/Content/gltf/Textures/T_White_srgb.uasset" 1841
"../../../Engine/Plugins/Interchange/Assets/Content/gltf/Textures/T_White_srgb.uexp" 1842
"../../../Engine/Plugins/Interchange/Assets/Content/gltf/MaterialFunctions/MF_Specular.uasset" 1843
"../../../Engine/Plugins/Interchange/Assets/Content/gltf/MaterialFunctions/MF_Specular.uexp" 1844
"../../../Engine/Plugins/Interchange/Assets/Content/gltf/Textures/T_Anisotropy_Direction_Linear.uasset" 1845
"../../../Engine/Plugins/Interchange/Assets/Content/gltf/Textures/T_Anisotropy_Direction_Linear.uexp" 1846
"../../../Engine/Plugins/Interchange/Assets/Content/gltf/MaterialFunctions/MF_SpecularAnisotropy.uasset" 1847
"../../../Engine/Plugins/Interchange/Assets/Content/gltf/MaterialFunctions/MF_SpecularAnisotropy.uexp" 1848
"../../../Engine/Plugins/Interchange/Assets/Content/gltf/Textures/T_White_Linear.uasset" 1849
"../../../Engine/Plugins/Interchange/Assets/Content/gltf/Textures/T_White_Linear.uexp" 1850
"../../../Engine/Plugins/Interchange/Assets/Content/gltf/MaterialFunctions/MF_MetallicRoughness.uasset" 1851
"../../../Engine/Plugins/Interchange/Assets/Content/gltf/MaterialFunctions/MF_MetallicRoughness.uexp" 1852
"../../../Engine/Plugins/Interchange/Assets/Content/gltf/Textures/T_Generic_N.uasset" 1853
"../../../Engine/Plugins/Interchange/Assets/Content/gltf/Textures/T_Generic_N.uexp" 1854
"../../../Engine/Plugins/Interchange/Assets/Content/gltf/MaterialFunctions/MF_ScaleNormal.uasset" 1855
"../../../Engine/Plugins/Interchange/Assets/Content/gltf/MaterialFunctions/MF_ScaleNormal.uexp" 1856
"../../../Engine/Plugins/Interchange/Assets/Content/gltf/MaterialFunctions/MF_BaseColor.uasset" 1857
"../../../Engine/Plugins/Interchange/Assets/Content/gltf/MaterialFunctions/MF_BaseColor.uexp" 1858
"../../../Engine/Plugins/Interchange/Assets/Content/gltf/MaterialFunctions/MF_Iridescence.uasset" 1859
"../../../Engine/Plugins/Interchange/Assets/Content/gltf/MaterialFunctions/MF_Iridescence.uexp" 1860
"../../../Engine/Plugins/Interchange/Assets/Content/gltf/MaterialFunctions/MF_Occlusion.uasset" 1861
"../../../Engine/Plugins/Interchange/Assets/Content/gltf/MaterialFunctions/MF_Occlusion.uexp" 1862
"../../../Engine/Plugins/Interchange/Assets/Content/gltf/MaterialFunctions/MF_IOR.uasset" 1863
"../../../Engine/Plugins/Interchange/Assets/Content/gltf/MaterialFunctions/MF_IOR.uexp" 1864
"../../../Engine/Plugins/Interchange/Assets/Content/gltf/MaterialFunctions/MF_RotateV2.uasset" 1865
"../../../Engine/Plugins/Interchange/Assets/Content/gltf/MaterialFunctions/MF_RotateV2.uexp" 1866
"../../../Engine/Plugins/Interchange/Assets/Content/gltf/MaterialFunctions/MF_TransformUVs.uasset" 1867
"../../../Engine/Plugins/Interchange/Assets/Content/gltf/MaterialFunctions/MF_TransformUVs.uexp" 1868
"../../../Engine/Plugins/Interchange/Assets/Content/gltf/MaterialFunctions/MF_Emissive.uasset" 1869
"../../../Engine/Plugins/Interchange/Assets/Content/gltf/MaterialFunctions/MF_Emissive.uexp" 1870
"../../../Engine/Plugins/Interchange/Assets/Content/gltf/MaterialFunctions/MF_RotateNormals_TS.uasset" 1871
"../../../Engine/Plugins/Interchange/Assets/Content/gltf/MaterialFunctions/MF_RotateNormals_TS.uexp" 1872
"../../../Engine/Plugins/Interchange/Assets/Content/gltf/MaterialFunctions/MF_Normals.uasset" 1873
"../../../Engine/Plugins/Interchange/Assets/Content/gltf/MaterialFunctions/MF_Normals.uexp" 1874
"../../../Engine/Plugins/Interchange/Assets/Content/gltf/MaterialFunctions/MF_Clearcoat.uasset" 1875
"../../../Engine/Plugins/Interchange/Assets/Content/gltf/MaterialFunctions/MF_Clearcoat.uexp" 1876
"../../../Engine/Plugins/Interchange/Assets/Content/gltf/MaterialBodies/MF_ClearCoat_Body.uasset" 1877
"../../../Engine/Plugins/Interchange/Assets/Content/gltf/MaterialBodies/MF_ClearCoat_Body.uexp" 1878
"../../../Engine/Plugins/Interchange/Assets/Content/gltf/M_ClearCoat.uasset" 1879
"../../../Engine/Plugins/Interchange/Assets/Content/gltf/M_ClearCoat.uexp" 1880
"../../../Engine/Plugins/Interchange/Assets/Content/gltf/MaterialInstances/MI_ClearCoat_Blend.uasset" 1881
"../../../Engine/Plugins/Interchange/Assets/Content/gltf/MaterialInstances/MI_ClearCoat_Blend.uexp" 1882
"../../../Engine/Plugins/Interchange/Assets/Content/gltf/MaterialInstances/MI_ClearCoat_Blend_DS.uasset" 1883
"../../../Engine/Plugins/Interchange/Assets/Content/gltf/MaterialInstances/MI_ClearCoat_Blend_DS.uexp" 1884
"../../../Engine/Plugins/Interchange/Assets/Content/gltf/MaterialInstances/MI_ClearCoat_Mask.uasset" 1885
"../../../Engine/Plugins/Interchange/Assets/Content/gltf/MaterialInstances/MI_ClearCoat_Mask.uexp" 1886
"../../../Engine/Plugins/Interchange/Assets/Content/gltf/MaterialInstances/MI_ClearCoat_Mask_DS.uasset" 1887
"../../../Engine/Plugins/Interchange/Assets/Content/gltf/MaterialInstances/MI_ClearCoat_Mask_DS.uexp" 1888
"../../../Engine/Plugins/Interchange/Assets/Content/gltf/MaterialInstances/MI_ClearCoat_Opaque.uasset" 1889
"../../../Engine/Plugins/Interchange/Assets/Content/gltf/MaterialInstances/MI_ClearCoat_Opaque.uexp" 1890
"../../../Engine/Plugins/Interchange/Assets/Content/gltf/MaterialInstances/MI_ClearCoat_Opaque_DS.uasset" 1891
"../../../Engine/Plugins/Interchange/Assets/Content/gltf/MaterialInstances/MI_ClearCoat_Opaque_DS.uexp" 1892
"../../../Engine/Plugins/Interchange/Assets/Content/gltf/MaterialBodies/MF_Default_Body.uasset" 1893
"../../../Engine/Plugins/Interchange/Assets/Content/gltf/MaterialBodies/MF_Default_Body.uexp" 1894
"../../../Engine/Plugins/Interchange/Assets/Content/gltf/M_Default.uasset" 1895
"../../../Engine/Plugins/Interchange/Assets/Content/gltf/M_Default.uexp" 1896
"../../../Engine/Plugins/Interchange/Assets/Content/gltf/MaterialInstances/MI_Default_Blend.uasset" 1897
"../../../Engine/Plugins/Interchange/Assets/Content/gltf/MaterialInstances/MI_Default_Blend.uexp" 1898
"../../../Engine/Plugins/Interchange/Assets/Content/gltf/MaterialInstances/MI_Default_Blend_DS.uasset" 1899
"../../../Engine/Plugins/Interchange/Assets/Content/gltf/MaterialInstances/MI_Default_Blend_DS.uexp" 1900
"../../../Engine/Plugins/Interchange/Assets/Content/gltf/MaterialInstances/MI_Default_Mask.uasset" 1901
"../../../Engine/Plugins/Interchange/Assets/Content/gltf/MaterialInstances/MI_Default_Mask.uexp" 1902
"../../../Engine/Plugins/Interchange/Assets/Content/gltf/MaterialInstances/MI_Default_Mask_DS.uasset" 1903
"../../../Engine/Plugins/Interchange/Assets/Content/gltf/MaterialInstances/MI_Default_Mask_DS.uexp" 1904
"../../../Engine/Plugins/Interchange/Assets/Content/gltf/MaterialInstances/MI_Default_Opaque.uasset" 1905
"../../../Engine/Plugins/Interchange/Assets/Content/gltf/MaterialInstances/MI_Default_Opaque.uexp" 1906
"../../../Engine/Plugins/Interchange/Assets/Content/gltf/MaterialInstances/MI_Default_Opaque_DS.uasset" 1907
"../../../Engine/Plugins/Interchange/Assets/Content/gltf/MaterialInstances/MI_Default_Opaque_DS.uexp" 1908
"../../../Engine/Plugins/Interchange/Assets/Content/gltf/MaterialFunctions/MF_Sheen.uasset" 1909
"../../../Engine/Plugins/Interchange/Assets/Content/gltf/MaterialFunctions/MF_Sheen.uexp" 1910
"../../../Engine/Plugins/Interchange/Assets/Content/gltf/MaterialBodies/MF_Sheen_Body.uasset" 1911
"../../../Engine/Plugins/Interchange/Assets/Content/gltf/MaterialBodies/MF_Sheen_Body.uexp" 1912
"../../../Engine/Plugins/Interchange/Assets/Content/gltf/M_Sheen.uasset" 1913
"../../../Engine/Plugins/Interchange/Assets/Content/gltf/M_Sheen.uexp" 1914
"../../../Engine/Plugins/Interchange/Assets/Content/gltf/MaterialInstances/MI_Sheen_Blend.uasset" 1915
"../../../Engine/Plugins/Interchange/Assets/Content/gltf/MaterialInstances/MI_Sheen_Blend.uexp" 1916
"../../../Engine/Plugins/Interchange/Assets/Content/gltf/MaterialInstances/MI_Sheen_Blend_DS.uasset" 1917
"../../../Engine/Plugins/Interchange/Assets/Content/gltf/MaterialInstances/MI_Sheen_Blend_DS.uexp" 1918
"../../../Engine/Plugins/Interchange/Assets/Content/gltf/MaterialInstances/MI_Sheen_Mask.uasset" 1919
"../../../Engine/Plugins/Interchange/Assets/Content/gltf/MaterialInstances/MI_Sheen_Mask.uexp" 1920
"../../../Engine/Plugins/Interchange/Assets/Content/gltf/MaterialInstances/MI_Sheen_Mask_DS.uasset" 1921
"../../../Engine/Plugins/Interchange/Assets/Content/gltf/MaterialInstances/MI_Sheen_Mask_DS.uexp" 1922
"../../../Engine/Plugins/Interchange/Assets/Content/gltf/MaterialInstances/MI_Sheen_Opaque.uasset" 1923
"../../../Engine/Plugins/Interchange/Assets/Content/gltf/MaterialInstances/MI_Sheen_Opaque.uexp" 1924
"../../../Engine/Plugins/Interchange/Assets/Content/gltf/MaterialInstances/MI_Sheen_Opaque_DS.uasset" 1925
"../../../Engine/Plugins/Interchange/Assets/Content/gltf/MaterialInstances/MI_Sheen_Opaque_DS.uexp" 1926
"../../../Engine/Content/Functions/Engine_MaterialFunctions02/Math/AddComponents.uasset" 1927
"../../../Engine/Content/Functions/Engine_MaterialFunctions02/Math/AddComponents.uexp" 1928
"../../../Engine/Plugins/Interchange/Assets/Content/gltf/MaterialFunctions/MF_DiffuseSpecGloss.uasset" 1929
"../../../Engine/Plugins/Interchange/Assets/Content/gltf/MaterialFunctions/MF_DiffuseSpecGloss.uexp" 1930
"../../../Engine/Plugins/Interchange/Assets/Content/gltf/MaterialFunctions/MF_PerceivedBrightness.uasset" 1931
"../../../Engine/Plugins/Interchange/Assets/Content/gltf/MaterialFunctions/MF_PerceivedBrightness.uexp" 1932
"../../../Engine/Plugins/Interchange/Assets/Content/gltf/MaterialFunctions/MF_SpecGlossToMetalRoughness.uasset" 1933
"../../../Engine/Plugins/Interchange/Assets/Content/gltf/MaterialFunctions/MF_SpecGlossToMetalRoughness.uexp" 1934
"../../../Engine/Plugins/Interchange/Assets/Content/gltf/MaterialFunctions/MF_MaxComponentValue.uasset" 1935
"../../../Engine/Plugins/Interchange/Assets/Content/gltf/MaterialFunctions/MF_MaxComponentValue.uexp" 1936
"../../../Engine/Plugins/Interchange/Assets/Content/gltf/MaterialBodies/MF_SpecularGlossiness_Body.uasset" 1937
"../../../Engine/Plugins/Interchange/Assets/Content/gltf/MaterialBodies/MF_SpecularGlossiness_Body.uexp" 1938
"../../../Engine/Plugins/Interchange/Assets/Content/gltf/M_SpecularGlossiness.uasset" 1939
"../../../Engine/Plugins/Interchange/Assets/Content/gltf/M_SpecularGlossiness.uexp" 1940
"../../../Engine/Plugins/Interchange/Assets/Content/gltf/MaterialInstances/MI_SpecularGlossiness_Blend.uasset" 1941
"../../../Engine/Plugins/Interchange/Assets/Content/gltf/MaterialInstances/MI_SpecularGlossiness_Blend.uexp" 1942
"../../../Engine/Plugins/Interchange/Assets/Content/gltf/MaterialInstances/MI_SpecularGlossiness_Blend_DS.uasset" 1943
"../../../Engine/Plugins/Interchange/Assets/Content/gltf/MaterialInstances/MI_SpecularGlossiness_Blend_DS.uexp" 1944
"../../../Engine/Plugins/Interchange/Assets/Content/gltf/MaterialInstances/MI_SpecularGlossiness_Mask.uasset" 1945
"../../../Engine/Plugins/Interchange/Assets/Content/gltf/MaterialInstances/MI_SpecularGlossiness_Mask.uexp" 1946
"../../../Engine/Plugins/Interchange/Assets/Content/gltf/MaterialInstances/MI_SpecularGlossiness_Mask_DS.uasset" 1947
"../../../Engine/Plugins/Interchange/Assets/Content/gltf/MaterialInstances/MI_SpecularGlossiness_Mask_DS.uexp" 1948
"../../../Engine/Plugins/Interchange/Assets/Content/gltf/MaterialInstances/MI_SpecularGlossiness_Opaque.uasset" 1949
"../../../Engine/Plugins/Interchange/Assets/Content/gltf/MaterialInstances/MI_SpecularGlossiness_Opaque.uexp" 1950
"../../../Engine/Plugins/Interchange/Assets/Content/gltf/MaterialInstances/MI_SpecularGlossiness_Opaque_DS.uasset" 1951
"../../../Engine/Plugins/Interchange/Assets/Content/gltf/MaterialInstances/MI_SpecularGlossiness_Opaque_DS.uexp" 1952
"../../../Engine/Content/EngineMaterials/Good64x64TilingNoiseHighFreq.uasset" 1953
"../../../Engine/Content/EngineMaterials/Good64x64TilingNoiseHighFreq.uexp" 1954
"../../../Engine/Content/Functions/Engine_MaterialFunctions02/Texturing/ScreenAlignedPixelToPixelUVs.uasset" 1955
"../../../Engine/Content/Functions/Engine_MaterialFunctions02/Texturing/ScreenAlignedPixelToPixelUVs.uexp" 1956
"../../../Engine/Plugins/Interchange/Assets/Content/gltf/MaterialFunctions/MF_Temporal_Blur.uasset" 1957
"../../../Engine/Plugins/Interchange/Assets/Content/gltf/MaterialFunctions/MF_Temporal_Blur.uexp" 1958
"../../../Engine/Plugins/Interchange/Assets/Content/gltf/MaterialFunctions/MF_Fresnel_DS.uasset" 1959
"../../../Engine/Plugins/Interchange/Assets/Content/gltf/MaterialFunctions/MF_Fresnel_DS.uexp" 1960
"../../../Engine/Plugins/Interchange/Assets/Content/gltf/MaterialFunctions/MF_Transmission.uasset" 1961
"../../../Engine/Plugins/Interchange/Assets/Content/gltf/MaterialFunctions/MF_Transmission.uexp" 1962
"../../../Engine/Plugins/Interchange/Assets/Content/gltf/MaterialBodies/MF_Transmission_Body.uasset" 1963
"../../../Engine/Plugins/Interchange/Assets/Content/gltf/MaterialBodies/MF_Transmission_Body.uexp" 1964
"../../../Engine/Plugins/Interchange/Assets/Content/gltf/M_Transmission.uasset" 1965
"../../../Engine/Plugins/Interchange/Assets/Content/gltf/M_Transmission.uexp" 1966
"../../../Engine/Plugins/Interchange/Assets/Content/gltf/MaterialInstances/MI_Transmission.uasset" 1967
"../../../Engine/Plugins/Interchange/Assets/Content/gltf/MaterialInstances/MI_Transmission.uexp" 1968
"../../../Engine/Plugins/Interchange/Assets/Content/gltf/MaterialInstances/MI_Transmission_DS.uasset" 1969
"../../../Engine/Plugins/Interchange/Assets/Content/gltf/MaterialInstances/MI_Transmission_DS.uexp" 1970
"../../../Engine/Plugins/Interchange/Assets/Content/gltf/MaterialBodies/MF_Unlit_Body.uasset" 1971
"../../../Engine/Plugins/Interchange/Assets/Content/gltf/MaterialBodies/MF_Unlit_Body.uexp" 1972
"../../../Engine/Plugins/Interchange/Assets/Content/gltf/M_Unlit.uasset" 1973
"../../../Engine/Plugins/Interchange/Assets/Content/gltf/M_Unlit.uexp" 1974
"../../../Engine/Plugins/Interchange/Assets/Content/gltf/MaterialInstances/MI_Unlit_Blend.uasset" 1975
"../../../Engine/Plugins/Interchange/Assets/Content/gltf/MaterialInstances/MI_Unlit_Blend.uexp" 1976
"../../../Engine/Plugins/Interchange/Assets/Content/gltf/MaterialInstances/MI_Unlit_Blend_DS.uasset" 1977
"../../../Engine/Plugins/Interchange/Assets/Content/gltf/MaterialInstances/MI_Unlit_Blend_DS.uexp" 1978
"../../../Engine/Plugins/Interchange/Assets/Content/gltf/MaterialInstances/MI_Unlit_Mask.uasset" 1979
"../../../Engine/Plugins/Interchange/Assets/Content/gltf/MaterialInstances/MI_Unlit_Mask.uexp" 1980
"../../../Engine/Plugins/Interchange/Assets/Content/gltf/MaterialInstances/MI_Unlit_Mask_DS.uasset" 1981
"../../../Engine/Plugins/Interchange/Assets/Content/gltf/MaterialInstances/MI_Unlit_Mask_DS.uexp" 1982
"../../../Engine/Plugins/Interchange/Assets/Content/gltf/MaterialInstances/MI_Unlit_Opaque.uasset" 1983
"../../../Engine/Plugins/Interchange/Assets/Content/gltf/MaterialInstances/MI_Unlit_Opaque.uexp" 1984
"../../../Engine/Plugins/Interchange/Assets/Content/gltf/MaterialInstances/MI_Unlit_Opaque_DS.uasset" 1985
"../../../Engine/Plugins/Interchange/Assets/Content/gltf/MaterialInstances/MI_Unlit_Opaque_DS.uexp" 1986
"F:/Study/The-final-game/horror/Content/enemy1/Brute_Anim.uasset" 1987
"F:/Study/The-final-game/horror/Content/enemy1/Brute_Anim.uexp" 1988
"F:/Study/The-final-game/horror/Content/NPC/Peasant_Man_Anim.uasset" 1989
"F:/Study/The-final-game/horror/Content/NPC/Peasant_Man_Anim.uexp" 1990
"F:/Study/The-final-game/horror/Content/StylizedProvencal/Textures/T_Dirt_B.ubulk" 1991
"F:/Study/The-final-game/horror/Content/StylizedProvencal/Textures/T_Dirt_B.uasset" 1992
"F:/Study/The-final-game/horror/Content/StylizedProvencal/Textures/T_Dirt_B.uexp" 1993
"F:/Study/The-final-game/horror/Content/StylizedProvencal/Textures/T_Grass_B.ubulk" 1994
"F:/Study/The-final-game/horror/Content/StylizedProvencal/Textures/T_Grass_B.uasset" 1995
"F:/Study/The-final-game/horror/Content/StylizedProvencal/Textures/T_Grass_B.uexp" 1996
"../../../Engine/Content/EngineMaterials/WeightMapArrayPlaceholderTexture.uasset" 1997
"../../../Engine/Content/EngineMaterials/WeightMapArrayPlaceholderTexture.uexp" 1998
"F:/Study/The-final-game/horror/Content/StylizedProvencal/M_GrassLandscape.uasset" 1999
"F:/Study/The-final-game/horror/Content/StylizedProvencal/M_GrassLandscape.uexp" 2000
"F:/Study/The-final-game/horror/Content/StylizedProvencal/M_GrassLandscape_Inst.uasset" 2001
"F:/Study/The-final-game/horror/Content/StylizedProvencal/M_GrassLandscape_Inst.uexp" 2002
"../../../Engine/Content/BasicShapes/Cone.ubulk" 2003
"../../../Engine/Content/BasicShapes/Cone.uasset" 2004
"../../../Engine/Content/BasicShapes/Cone.uexp" 2005
"../../../Engine/Content/BasicShapes/Cylinder.ubulk" 2006
"../../../Engine/Content/BasicShapes/Cylinder.uasset" 2007
"../../../Engine/Content/BasicShapes/Cylinder.uexp" 2008
"../../../Engine/Content/EditorLandscapeResources/SplineEditorMeshMat.uasset" 2009
"../../../Engine/Content/EditorLandscapeResources/SplineEditorMeshMat.uexp" 2010
"../../../Engine/Content/EditorLandscapeResources/SplineEditorMesh.ubulk" 2011
"../../../Engine/Content/EditorLandscapeResources/SplineEditorMesh.uasset" 2012
"../../../Engine/Content/EditorLandscapeResources/SplineEditorMesh.uexp" 2013
"../../../Engine/Content/EditorMaterials/HelpFlatColour.uasset" 2014
"../../../Engine/Content/EditorMaterials/HelpFlatColour.uexp" 2015
"../../../Engine/Content/EditorMaterials/HelpFlatColour_Blk_Inst.uasset" 2016
"../../../Engine/Content/EditorMaterials/HelpFlatColour_Blk_Inst.uexp" 2017
"../../../Engine/Content/EditorMaterials/HelpFlatColour_W_Inst.uasset" 2018
"../../../Engine/Content/EditorMaterials/HelpFlatColour_W_Inst.uexp" 2019
"../../../Engine/Content/EditorMaterials/ThumbnailSolid.uasset" 2020
"../../../Engine/Content/EditorMaterials/ThumbnailSolid.uexp" 2021
"../../../Engine/Content/EditorMaterials/ThumbnailSolid_MATInst.uasset" 2022
"../../../Engine/Content/EditorMaterials/ThumbnailSolid_MATInst.uexp" 2023
"../../../Engine/Content/EngineResources/WhiteSquareTexture.uasset" 2024
"../../../Engine/Content/EngineResources/WhiteSquareTexture.uexp" 2025
"../../../Engine/Content/EngineMaterials/Widget3DPassThrough.uasset" 2026
"../../../Engine/Content/EngineMaterials/Widget3DPassThrough.uexp" 2027
"../../../Engine/Content/EngineMaterials/Widget3DPassThrough_Masked.uasset" 2028
"../../../Engine/Content/EngineMaterials/Widget3DPassThrough_Masked.uexp" 2029
"../../../Engine/Content/EngineMaterials/Widget3DPassThrough_Opaque.uasset" 2030
"../../../Engine/Content/EngineMaterials/Widget3DPassThrough_Opaque.uexp" 2031
"../../../Engine/Content/EngineMaterials/Widget3DPassThrough_Masked_OneSided.uasset" 2032
"../../../Engine/Content/EngineMaterials/Widget3DPassThrough_Masked_OneSided.uexp" 2033
"../../../Engine/Content/EngineMaterials/Widget3DPassThrough_Opaque_OneSided.uasset" 2034
"../../../Engine/Content/EngineMaterials/Widget3DPassThrough_Opaque_OneSided.uexp" 2035
"../../../Engine/Content/EngineMaterials/Widget3DPassThrough_Translucent.uasset" 2036
"../../../Engine/Content/EngineMaterials/Widget3DPassThrough_Translucent.uexp" 2037
"../../../Engine/Content/EngineMaterials/Widget3DPassThrough_Translucent_OneSided.uasset" 2038
"../../../Engine/Content/EngineMaterials/Widget3DPassThrough_Translucent_OneSided.uexp" 2039
"../../../Engine/Plugins/2D/Paper2D/Content/DefaultSpriteMaterial.uasset" 2040
"../../../Engine/Plugins/2D/Paper2D/Content/DefaultSpriteMaterial.uexp" 2041
"../../../Engine/Plugins/2D/Paper2D/Content/MaskedUnlitSpriteMaterial.uasset" 2042
"../../../Engine/Plugins/2D/Paper2D/Content/MaskedUnlitSpriteMaterial.uexp" 2043
"../../../Engine/Plugins/2D/Paper2D/Content/OpaqueUnlitSpriteMaterial.uasset" 2044
"../../../Engine/Plugins/2D/Paper2D/Content/OpaqueUnlitSpriteMaterial.uexp" 2045
"../../../Engine/Plugins/Animation/ControlRig/Content/Controls/ControlRig_Arrow2_1mm.ubulk" 2046
"../../../Engine/Plugins/Animation/ControlRig/Content/Controls/ControlRig_Arrow2_1mm.uasset" 2047
"../../../Engine/Plugins/Animation/ControlRig/Content/Controls/ControlRig_Arrow2_1mm.uexp" 2048
"../../../Engine/Plugins/Animation/ControlRig/Content/Controls/ControlRig_Arrow2_3mm.ubulk" 2049
"../../../Engine/Plugins/Animation/ControlRig/Content/Controls/ControlRig_Arrow2_3mm.uasset" 2050
"../../../Engine/Plugins/Animation/ControlRig/Content/Controls/ControlRig_Arrow2_3mm.uexp" 2051
"../../../Engine/Plugins/Animation/ControlRig/Content/Controls/ControlRig_Arrow2_solid.ubulk" 2052
"../../../Engine/Plugins/Animation/ControlRig/Content/Controls/ControlRig_Arrow2_solid.uasset" 2053
"../../../Engine/Plugins/Animation/ControlRig/Content/Controls/ControlRig_Arrow2_solid.uexp" 2054
"../../../Engine/Plugins/Animation/ControlRig/Content/Controls/ControlRig_Arrow4_1mm.ubulk" 2055
"../../../Engine/Plugins/Animation/ControlRig/Content/Controls/ControlRig_Arrow4_1mm.uasset" 2056
"../../../Engine/Plugins/Animation/ControlRig/Content/Controls/ControlRig_Arrow4_1mm.uexp" 2057
"../../../Engine/Plugins/Animation/ControlRig/Content/Controls/ControlRig_Arrow4_3mm.ubulk" 2058
"../../../Engine/Plugins/Animation/ControlRig/Content/Controls/ControlRig_Arrow4_3mm.uasset" 2059
"../../../Engine/Plugins/Animation/ControlRig/Content/Controls/ControlRig_Arrow4_3mm.uexp" 2060
"../../../Engine/Plugins/Animation/ControlRig/Content/Controls/ControlRig_Arrow4_solid.ubulk" 2061
"../../../Engine/Plugins/Animation/ControlRig/Content/Controls/ControlRig_Arrow4_solid.uasset" 2062
"../../../Engine/Plugins/Animation/ControlRig/Content/Controls/ControlRig_Arrow4_solid.uexp" 2063
"../../../Engine/Plugins/Animation/ControlRig/Content/Controls/ControlRig_Arrow_1mm.ubulk" 2064
"../../../Engine/Plugins/Animation/ControlRig/Content/Controls/ControlRig_Arrow_1mm.uasset" 2065
"../../../Engine/Plugins/Animation/ControlRig/Content/Controls/ControlRig_Arrow_1mm.uexp" 2066
"../../../Engine/Plugins/Animation/ControlRig/Content/Controls/ControlRig_Arrow_3mm.ubulk" 2067
"../../../Engine/Plugins/Animation/ControlRig/Content/Controls/ControlRig_Arrow_3mm.uasset" 2068
"../../../Engine/Plugins/Animation/ControlRig/Content/Controls/ControlRig_Arrow_3mm.uexp" 2069
"../../../Engine/Plugins/Animation/ControlRig/Content/Controls/ControlRig_Arrow_solid.ubulk" 2070
"../../../Engine/Plugins/Animation/ControlRig/Content/Controls/ControlRig_Arrow_solid.uasset" 2071
"../../../Engine/Plugins/Animation/ControlRig/Content/Controls/ControlRig_Arrow_solid.uexp" 2072
"../../../Engine/Plugins/Animation/ControlRig/Content/Controls/ControlRig_Box_1mm.ubulk" 2073
"../../../Engine/Plugins/Animation/ControlRig/Content/Controls/ControlRig_Box_1mm.uasset" 2074
"../../../Engine/Plugins/Animation/ControlRig/Content/Controls/ControlRig_Box_1mm.uexp" 2075
"../../../Engine/Plugins/Animation/ControlRig/Content/Controls/ControlRig_Box_3mm.ubulk" 2076
"../../../Engine/Plugins/Animation/ControlRig/Content/Controls/ControlRig_Box_3mm.uasset" 2077
"../../../Engine/Plugins/Animation/ControlRig/Content/Controls/ControlRig_Box_3mm.uexp" 2078
"../../../Engine/Plugins/Animation/ControlRig/Content/Controls/ControlRig_Box_solid.ubulk" 2079
"../../../Engine/Plugins/Animation/ControlRig/Content/Controls/ControlRig_Box_solid.uasset" 2080
"../../../Engine/Plugins/Animation/ControlRig/Content/Controls/ControlRig_Box_solid.uexp" 2081
"../../../Engine/Plugins/Animation/ControlRig/Content/Controls/ControlRig_Circle_1mm.ubulk" 2082
"../../../Engine/Plugins/Animation/ControlRig/Content/Controls/ControlRig_Circle_1mm.uasset" 2083
"../../../Engine/Plugins/Animation/ControlRig/Content/Controls/ControlRig_Circle_1mm.uexp" 2084
"../../../Engine/Plugins/Animation/ControlRig/Content/Controls/ControlRig_Circle_3mm.ubulk" 2085
"../../../Engine/Plugins/Animation/ControlRig/Content/Controls/ControlRig_Circle_3mm.uasset" 2086
"../../../Engine/Plugins/Animation/ControlRig/Content/Controls/ControlRig_Circle_3mm.uexp" 2087
"../../../Engine/Plugins/Animation/ControlRig/Content/Controls/ControlRig_Circle_solid.ubulk" 2088
"../../../Engine/Plugins/Animation/ControlRig/Content/Controls/ControlRig_Circle_solid.uasset" 2089
"../../../Engine/Plugins/Animation/ControlRig/Content/Controls/ControlRig_Circle_solid.uexp" 2090
"../../../Engine/Plugins/Animation/ControlRig/Content/Controls/ControlRig_Diamond_1mm.ubulk" 2091
"../../../Engine/Plugins/Animation/ControlRig/Content/Controls/ControlRig_Diamond_1mm.uasset" 2092
"../../../Engine/Plugins/Animation/ControlRig/Content/Controls/ControlRig_Diamond_1mm.uexp" 2093
"../../../Engine/Plugins/Animation/ControlRig/Content/Controls/ControlRig_Diamond_3mm.ubulk" 2094
"../../../Engine/Plugins/Animation/ControlRig/Content/Controls/ControlRig_Diamond_3mm.uasset" 2095
"../../../Engine/Plugins/Animation/ControlRig/Content/Controls/ControlRig_Diamond_3mm.uexp" 2096
"../../../Engine/Plugins/Animation/ControlRig/Content/Controls/ControlRig_Diamond_solid.ubulk" 2097
"../../../Engine/Plugins/Animation/ControlRig/Content/Controls/ControlRig_Diamond_solid.uasset" 2098
"../../../Engine/Plugins/Animation/ControlRig/Content/Controls/ControlRig_Diamond_solid.uexp" 2099
"../../../Engine/Plugins/Animation/ControlRig/Content/Controls/ControlRig_HalfCircle_1mm.ubulk" 2100
"../../../Engine/Plugins/Animation/ControlRig/Content/Controls/ControlRig_HalfCircle_1mm.uasset" 2101
"../../../Engine/Plugins/Animation/ControlRig/Content/Controls/ControlRig_HalfCircle_1mm.uexp" 2102
"../../../Engine/Plugins/Animation/ControlRig/Content/Controls/ControlRig_HalfCircle_3mm.ubulk" 2103
"../../../Engine/Plugins/Animation/ControlRig/Content/Controls/ControlRig_HalfCircle_3mm.uasset" 2104
"../../../Engine/Plugins/Animation/ControlRig/Content/Controls/ControlRig_HalfCircle_3mm.uexp" 2105
"../../../Engine/Plugins/Animation/ControlRig/Content/Controls/ControlRig_HalfCircle_solid.ubulk" 2106
"../../../Engine/Plugins/Animation/ControlRig/Content/Controls/ControlRig_HalfCircle_solid.uasset" 2107
"../../../Engine/Plugins/Animation/ControlRig/Content/Controls/ControlRig_HalfCircle_solid.uexp" 2108
"../../../Engine/Plugins/Animation/ControlRig/Content/Controls/ControlRig_Hexagon_1mm.ubulk" 2109
"../../../Engine/Plugins/Animation/ControlRig/Content/Controls/ControlRig_Hexagon_1mm.uasset" 2110
"../../../Engine/Plugins/Animation/ControlRig/Content/Controls/ControlRig_Hexagon_1mm.uexp" 2111
"../../../Engine/Plugins/Animation/ControlRig/Content/Controls/ControlRig_Hexagon_3mm.ubulk" 2112
"../../../Engine/Plugins/Animation/ControlRig/Content/Controls/ControlRig_Hexagon_3mm.uasset" 2113
"../../../Engine/Plugins/Animation/ControlRig/Content/Controls/ControlRig_Hexagon_3mm.uexp" 2114
"../../../Engine/Plugins/Animation/ControlRig/Content/Controls/ControlRig_Hexagon_solid.ubulk" 2115
"../../../Engine/Plugins/Animation/ControlRig/Content/Controls/ControlRig_Hexagon_solid.uasset" 2116
"../../../Engine/Plugins/Animation/ControlRig/Content/Controls/ControlRig_Hexagon_solid.uexp" 2117
"../../../Engine/Plugins/Animation/ControlRig/Content/Controls/ControlRig_Octagon_1mm.ubulk" 2118
"../../../Engine/Plugins/Animation/ControlRig/Content/Controls/ControlRig_Octagon_1mm.uasset" 2119
"../../../Engine/Plugins/Animation/ControlRig/Content/Controls/ControlRig_Octagon_1mm.uexp" 2120
"../../../Engine/Plugins/Animation/ControlRig/Content/Controls/ControlRig_Octagon_3mm.ubulk" 2121
"../../../Engine/Plugins/Animation/ControlRig/Content/Controls/ControlRig_Octagon_3mm.uasset" 2122
"../../../Engine/Plugins/Animation/ControlRig/Content/Controls/ControlRig_Octagon_3mm.uexp" 2123
"../../../Engine/Plugins/Animation/ControlRig/Content/Controls/ControlRig_Octagon_solid.ubulk" 2124
"../../../Engine/Plugins/Animation/ControlRig/Content/Controls/ControlRig_Octagon_solid.uasset" 2125
"../../../Engine/Plugins/Animation/ControlRig/Content/Controls/ControlRig_Octagon_solid.uexp" 2126
"../../../Engine/Plugins/Animation/ControlRig/Content/Controls/ControlRig_Pyramid_1mm.ubulk" 2127
"../../../Engine/Plugins/Animation/ControlRig/Content/Controls/ControlRig_Pyramid_1mm.uasset" 2128
"../../../Engine/Plugins/Animation/ControlRig/Content/Controls/ControlRig_Pyramid_1mm.uexp" 2129
"../../../Engine/Plugins/Animation/ControlRig/Content/Controls/ControlRig_Pyramid_3mm.ubulk" 2130
"../../../Engine/Plugins/Animation/ControlRig/Content/Controls/ControlRig_Pyramid_3mm.uasset" 2131
"../../../Engine/Plugins/Animation/ControlRig/Content/Controls/ControlRig_Pyramid_3mm.uexp" 2132
"../../../Engine/Plugins/Animation/ControlRig/Content/Controls/ControlRig_Pyramid_solid.ubulk" 2133
"../../../Engine/Plugins/Animation/ControlRig/Content/Controls/ControlRig_Pyramid_solid.uasset" 2134
"../../../Engine/Plugins/Animation/ControlRig/Content/Controls/ControlRig_Pyramid_solid.uexp" 2135
"../../../Engine/Plugins/Animation/ControlRig/Content/Controls/ControlRig_QuarterCircle_1mm.ubulk" 2136
"../../../Engine/Plugins/Animation/ControlRig/Content/Controls/ControlRig_QuarterCircle_1mm.uasset" 2137
"../../../Engine/Plugins/Animation/ControlRig/Content/Controls/ControlRig_QuarterCircle_1mm.uexp" 2138
"../../../Engine/Plugins/Animation/ControlRig/Content/Controls/ControlRig_QuarterCircle_3mm.ubulk" 2139
"../../../Engine/Plugins/Animation/ControlRig/Content/Controls/ControlRig_QuarterCircle_3mm.uasset" 2140
"../../../Engine/Plugins/Animation/ControlRig/Content/Controls/ControlRig_QuarterCircle_3mm.uexp" 2141
"../../../Engine/Plugins/Animation/ControlRig/Content/Controls/ControlRig_QuarterCircle_solid.ubulk" 2142
"../../../Engine/Plugins/Animation/ControlRig/Content/Controls/ControlRig_QuarterCircle_solid.uasset" 2143
"../../../Engine/Plugins/Animation/ControlRig/Content/Controls/ControlRig_QuarterCircle_solid.uexp" 2144
"../../../Engine/Plugins/Animation/ControlRig/Content/Controls/ControlRig_RoundedSquare_1mm.ubulk" 2145
"../../../Engine/Plugins/Animation/ControlRig/Content/Controls/ControlRig_RoundedSquare_1mm.uasset" 2146
"../../../Engine/Plugins/Animation/ControlRig/Content/Controls/ControlRig_RoundedSquare_1mm.uexp" 2147
"../../../Engine/Plugins/Animation/ControlRig/Content/Controls/ControlRig_RoundedSquare_3mm.ubulk" 2148
"../../../Engine/Plugins/Animation/ControlRig/Content/Controls/ControlRig_RoundedSquare_3mm.uasset" 2149
"../../../Engine/Plugins/Animation/ControlRig/Content/Controls/ControlRig_RoundedSquare_3mm.uexp" 2150
"../../../Engine/Plugins/Animation/ControlRig/Content/Controls/ControlRig_RoundedSquare_solid.ubulk" 2151
"../../../Engine/Plugins/Animation/ControlRig/Content/Controls/ControlRig_RoundedSquare_solid.uasset" 2152
"../../../Engine/Plugins/Animation/ControlRig/Content/Controls/ControlRig_RoundedSquare_solid.uexp" 2153
"../../../Engine/Plugins/Animation/ControlRig/Content/Controls/ControlRig_RoundedTriangle_1mm.ubulk" 2154
"../../../Engine/Plugins/Animation/ControlRig/Content/Controls/ControlRig_RoundedTriangle_1mm.uasset" 2155
"../../../Engine/Plugins/Animation/ControlRig/Content/Controls/ControlRig_RoundedTriangle_1mm.uexp" 2156
"../../../Engine/Plugins/Animation/ControlRig/Content/Controls/ControlRig_RoundedTriangle_3mm.ubulk" 2157
"../../../Engine/Plugins/Animation/ControlRig/Content/Controls/ControlRig_RoundedTriangle_3mm.uasset" 2158
"../../../Engine/Plugins/Animation/ControlRig/Content/Controls/ControlRig_RoundedTriangle_3mm.uexp" 2159
"../../../Engine/Plugins/Animation/ControlRig/Content/Controls/ControlRig_RoundedTriangle_solid.ubulk" 2160
"../../../Engine/Plugins/Animation/ControlRig/Content/Controls/ControlRig_RoundedTriangle_solid.uasset" 2161
"../../../Engine/Plugins/Animation/ControlRig/Content/Controls/ControlRig_RoundedTriangle_solid.uexp" 2162
"../../../Engine/Plugins/Animation/ControlRig/Content/Controls/ControlRig_Sphere_1mm.ubulk" 2163
"../../../Engine/Plugins/Animation/ControlRig/Content/Controls/ControlRig_Sphere_1mm.uasset" 2164
"../../../Engine/Plugins/Animation/ControlRig/Content/Controls/ControlRig_Sphere_1mm.uexp" 2165
"../../../Engine/Plugins/Animation/ControlRig/Content/Controls/ControlRig_Sphere_3mm.ubulk" 2166
"../../../Engine/Plugins/Animation/ControlRig/Content/Controls/ControlRig_Sphere_3mm.uasset" 2167
"../../../Engine/Plugins/Animation/ControlRig/Content/Controls/ControlRig_Sphere_3mm.uexp" 2168
"../../../Engine/Plugins/Animation/ControlRig/Content/Controls/ControlRig_Sphere_solid.ubulk" 2169
"../../../Engine/Plugins/Animation/ControlRig/Content/Controls/ControlRig_Sphere_solid.uasset" 2170
"../../../Engine/Plugins/Animation/ControlRig/Content/Controls/ControlRig_Sphere_solid.uexp" 2171
"../../../Engine/Plugins/Animation/ControlRig/Content/Controls/ControlRig_Square_1mm.ubulk" 2172
"../../../Engine/Plugins/Animation/ControlRig/Content/Controls/ControlRig_Square_1mm.uasset" 2173
"../../../Engine/Plugins/Animation/ControlRig/Content/Controls/ControlRig_Square_1mm.uexp" 2174
"../../../Engine/Plugins/Animation/ControlRig/Content/Controls/ControlRig_Square_3mm.ubulk" 2175
"../../../Engine/Plugins/Animation/ControlRig/Content/Controls/ControlRig_Square_3mm.uasset" 2176
"../../../Engine/Plugins/Animation/ControlRig/Content/Controls/ControlRig_Square_3mm.uexp" 2177
"../../../Engine/Plugins/Animation/ControlRig/Content/Controls/ControlRig_Square_solid.ubulk" 2178
"../../../Engine/Plugins/Animation/ControlRig/Content/Controls/ControlRig_Square_solid.uasset" 2179
"../../../Engine/Plugins/Animation/ControlRig/Content/Controls/ControlRig_Square_solid.uexp" 2180
"../../../Engine/Plugins/Animation/ControlRig/Content/Controls/ControlRig_Star4_1mm.ubulk" 2181
"../../../Engine/Plugins/Animation/ControlRig/Content/Controls/ControlRig_Star4_1mm.uasset" 2182
"../../../Engine/Plugins/Animation/ControlRig/Content/Controls/ControlRig_Star4_1mm.uexp" 2183
"../../../Engine/Plugins/Animation/ControlRig/Content/Controls/ControlRig_Star4_3mm.ubulk" 2184
"../../../Engine/Plugins/Animation/ControlRig/Content/Controls/ControlRig_Star4_3mm.uasset" 2185
"../../../Engine/Plugins/Animation/ControlRig/Content/Controls/ControlRig_Star4_3mm.uexp" 2186
"../../../Engine/Plugins/Animation/ControlRig/Content/Controls/ControlRig_Star4_solid.ubulk" 2187
"../../../Engine/Plugins/Animation/ControlRig/Content/Controls/ControlRig_Star4_solid.uasset" 2188
"../../../Engine/Plugins/Animation/ControlRig/Content/Controls/ControlRig_Star4_solid.uexp" 2189
"../../../Engine/Plugins/Animation/ControlRig/Content/Controls/ControlRig_Triangle_1mm.ubulk" 2190
"../../../Engine/Plugins/Animation/ControlRig/Content/Controls/ControlRig_Triangle_1mm.uasset" 2191
"../../../Engine/Plugins/Animation/ControlRig/Content/Controls/ControlRig_Triangle_1mm.uexp" 2192
"../../../Engine/Plugins/Animation/ControlRig/Content/Controls/ControlRig_Triangle_3mm.ubulk" 2193
"../../../Engine/Plugins/Animation/ControlRig/Content/Controls/ControlRig_Triangle_3mm.uasset" 2194
"../../../Engine/Plugins/Animation/ControlRig/Content/Controls/ControlRig_Triangle_3mm.uexp" 2195
"../../../Engine/Plugins/Animation/ControlRig/Content/Controls/ControlRig_Triangle_solid.ubulk" 2196
"../../../Engine/Plugins/Animation/ControlRig/Content/Controls/ControlRig_Triangle_solid.uasset" 2197
"../../../Engine/Plugins/Animation/ControlRig/Content/Controls/ControlRig_Triangle_solid.uexp" 2198
"../../../Engine/Plugins/Animation/ControlRig/Content/Controls/ControlRig_Wedge_1mm.ubulk" 2199
"../../../Engine/Plugins/Animation/ControlRig/Content/Controls/ControlRig_Wedge_1mm.uasset" 2200
"../../../Engine/Plugins/Animation/ControlRig/Content/Controls/ControlRig_Wedge_1mm.uexp" 2201
"../../../Engine/Plugins/Animation/ControlRig/Content/Controls/ControlRig_Wedge_3mm.ubulk" 2202
"../../../Engine/Plugins/Animation/ControlRig/Content/Controls/ControlRig_Wedge_3mm.uasset" 2203
"../../../Engine/Plugins/Animation/ControlRig/Content/Controls/ControlRig_Wedge_3mm.uexp" 2204
"../../../Engine/Plugins/Animation/ControlRig/Content/Controls/ControlRig_Wedge_solid.ubulk" 2205
"../../../Engine/Plugins/Animation/ControlRig/Content/Controls/ControlRig_Wedge_solid.uasset" 2206
"../../../Engine/Plugins/Animation/ControlRig/Content/Controls/ControlRig_Wedge_solid.uexp" 2207
"../../../Engine/Content/ArtTools/RenderToTexture/Textures/127grey.uasset" 2208
"../../../Engine/Content/ArtTools/RenderToTexture/Textures/127grey.uexp" 2209
"../../../Engine/Content/Functions/Engine_MaterialFunctions02/Math/CreateThirdOrthogonalVector.uasset" 2210
"../../../Engine/Content/Functions/Engine_MaterialFunctions02/Math/CreateThirdOrthogonalVector.uexp" 2211
"../../../Engine/Content/Functions/Engine_MaterialFunctions02/RayTracedSphere.uasset" 2212
"../../../Engine/Content/Functions/Engine_MaterialFunctions02/RayTracedSphere.uexp" 2213
"../../../Engine/Plugins/Experimental/DaySequence/Content/M_24HrSky.uasset" 2214
"../../../Engine/Plugins/Experimental/DaySequence/Content/M_24HrSky.uexp" 2215
"../../../Engine/Plugins/Experimental/DaySequence/Content/MI_24hrSky.uasset" 2216
"../../../Engine/Plugins/Experimental/DaySequence/Content/MI_24hrSky.uexp" 2217
"../../../Engine/Plugins/Experimental/Water/Content/Curves/FloatCurve_WaterBodyIsland.uasset" 2218
"../../../Engine/Plugins/Experimental/Water/Content/Curves/FloatCurve_WaterBodyIsland.uexp" 2219
"../../../Engine/Plugins/Experimental/Water/Content/Meshes/LakeMesh.ubulk" 2220
"../../../Engine/Plugins/Experimental/Water/Content/Meshes/LakeMesh.uasset" 2221
"../../../Engine/Plugins/Experimental/Water/Content/Meshes/LakeMesh.uexp" 2222
"../../../Engine/Plugins/Media/MediaPlate/Content/SM_MediaPlateScreen.ubulk" 2223
"../../../Engine/Plugins/Media/MediaPlate/Content/SM_MediaPlateScreen.uasset" 2224
"../../../Engine/Plugins/Media/MediaPlate/Content/SM_MediaPlateScreen.uexp" 2225
"../../../Engine/Plugins/NNE/NNEDenoiser/Content/NNEDIM_ColorAlbedoNormal_Alpha.uasset" 2226
"../../../Engine/Plugins/NNE/NNEDenoiser/Content/NNEDIM_ColorAlbedoNormal_Alpha.uexp" 2227
"../../../Engine/Plugins/NNE/NNEDenoiser/Content/NNEDIM_ColorAlbedoNormal_Default.uasset" 2228
"../../../Engine/Plugins/NNE/NNEDenoiser/Content/NNEDIM_ColorAlbedoNormal_Default.uexp" 2229
"../../../Engine/Plugins/NNE/NNEDenoiser/Content/NNEDIM_HighQuality_Alpha.uasset" 2230
"../../../Engine/Plugins/NNE/NNEDenoiser/Content/NNEDIM_HighQuality_Alpha.uexp" 2231
"../../../Engine/Plugins/NNE/NNEDenoiser/Content/NNEDIM_HighQuality_Default.uasset" 2232
"../../../Engine/Plugins/NNE/NNEDenoiser/Content/NNEDIM_HighQuality_Default.uexp" 2233
"../../../Engine/Plugins/NNE/NNEDenoiser/Content/NNEDOM_Output_Alpha.uasset" 2234
"../../../Engine/Plugins/NNE/NNEDenoiser/Content/NNEDOM_Output_Alpha.uexp" 2235
"../../../Engine/Plugins/NNE/NNEDenoiser/Content/NNEDOM_Output_Default.uasset" 2236
"../../../Engine/Plugins/NNE/NNEDenoiser/Content/NNEDOM_Output_Default.uexp" 2237
"../../../Engine/Plugins/NNE/NNEDenoiser/Content/NNEDTIM_ColorAlbedoNormal_Alpha.uasset" 2238
"../../../Engine/Plugins/NNE/NNEDenoiser/Content/NNEDTIM_ColorAlbedoNormal_Alpha.uexp" 2239
"../../../Engine/Plugins/NNE/NNEDenoiser/Content/NNEDTIM_ColorAlbedoNormal_Default.uasset" 2240
"../../../Engine/Plugins/NNE/NNEDenoiser/Content/NNEDTIM_ColorAlbedoNormal_Default.uexp" 2241
"../../../Engine/Plugins/NNE/NNEDenoiser/Content/NNEDTOM_Output_Alpha.uasset" 2242
"../../../Engine/Plugins/NNE/NNEDenoiser/Content/NNEDTOM_Output_Alpha.uexp" 2243
"../../../Engine/Plugins/NNE/NNEDenoiser/Content/NNEDTOM_Output_Default.uasset" 2244
"../../../Engine/Plugins/NNE/NNEDenoiser/Content/NNEDTOM_Output_Default.uexp" 2245
"../../../Engine/Content/Functions/Engine_MaterialFunctions01/Gradient/GeneratedRoundRect.uasset" 2246
"../../../Engine/Content/Functions/Engine_MaterialFunctions01/Gradient/GeneratedRoundRect.uexp" 2247
"../../../Engine/Content/Functions/Engine_MaterialFunctions01/Gradient/SphereGradient-2D.uasset" 2248
"../../../Engine/Content/Functions/Engine_MaterialFunctions01/Gradient/SphereGradient-2D.uexp" 2249
"../../../Engine/Plugins/Runtime/AudioWidgets/Content/AudioMaterialSlate/Functions/MF_DotOutlined.uasset" 2250
"../../../Engine/Plugins/Runtime/AudioWidgets/Content/AudioMaterialSlate/Functions/MF_DotOutlined.uexp" 2251
"../../../Engine/Plugins/Runtime/AudioWidgets/Content/AudioMaterialSlate/M_AudioMaterialEnvelope_ADSR.uasset" 2252
"../../../Engine/Plugins/Runtime/AudioWidgets/Content/AudioMaterialSlate/M_AudioMaterialEnvelope_ADSR.uexp" 2253
"../../../Engine/Plugins/Runtime/AudioWidgets/Content/AudioMaterialSlate/MI_AudioMaterialEnvelope_ADSR.uasset" 2254
"../../../Engine/Plugins/Runtime/AudioWidgets/Content/AudioMaterialSlate/MI_AudioMaterialEnvelope_ADSR.uexp" 2255
"../../../Engine/Plugins/Runtime/AudioWidgets/Content/AudioMaterialSlate/Functions/MF_SingleLine_Smooth.uasset" 2256
"../../../Engine/Plugins/Runtime/AudioWidgets/Content/AudioMaterialSlate/Functions/MF_SingleLine_Smooth.uexp" 2257
"../../../Engine/Plugins/Runtime/AudioWidgets/Content/AudioMaterialSlate/Functions/MF_AngleGradient.uasset" 2258
"../../../Engine/Plugins/Runtime/AudioWidgets/Content/AudioMaterialSlate/Functions/MF_AngleGradient.uexp" 2259
"../../../Engine/Content/Functions/Engine_MaterialFunctions02/Lerp_3Color.uasset" 2260
"../../../Engine/Content/Functions/Engine_MaterialFunctions02/Lerp_3Color.uexp" 2261
"../../../Engine/Plugins/Runtime/AudioWidgets/Content/AudioMaterialSlate/M_AudioMaterialKnob.uasset" 2262
"../../../Engine/Plugins/Runtime/AudioWidgets/Content/AudioMaterialSlate/M_AudioMaterialKnob.uexp" 2263
"../../../Engine/Plugins/Runtime/AudioWidgets/Content/AudioMaterialSlate/MI_AudioMaterialKnob.uasset" 2264
"../../../Engine/Plugins/Runtime/AudioWidgets/Content/AudioMaterialSlate/MI_AudioMaterialKnob.uexp" 2265
"../../../Engine/Plugins/Runtime/AudioWidgets/Content/AudioMaterialSlate/Functions/MF_Lines.uasset" 2266
"../../../Engine/Plugins/Runtime/AudioWidgets/Content/AudioMaterialSlate/Functions/MF_Lines.uexp" 2267
"../../../Engine/Plugins/Runtime/AudioWidgets/Content/AudioMaterialSlate/M_AudioMaterialMeter.uasset" 2268
"../../../Engine/Plugins/Runtime/AudioWidgets/Content/AudioMaterialSlate/M_AudioMaterialMeter.uexp" 2269
"../../../Engine/Plugins/Runtime/AudioWidgets/Content/AudioMaterialSlate/MI_AudioMaterialMeter.uasset" 2270
"../../../Engine/Plugins/Runtime/AudioWidgets/Content/AudioMaterialSlate/MI_AudioMaterialMeter.uexp" 2271
"../../../Engine/Plugins/Runtime/AudioWidgets/Content/AudioMaterialSlate/M_AudioMaterialRoundedSlider.uasset" 2272
"../../../Engine/Plugins/Runtime/AudioWidgets/Content/AudioMaterialSlate/M_AudioMaterialRoundedSlider.uexp" 2273
"../../../Engine/Plugins/Runtime/AudioWidgets/Content/AudioMaterialSlate/MI_AudioMaterialRoundedSlider.uasset" 2274
"../../../Engine/Plugins/Runtime/AudioWidgets/Content/AudioMaterialSlate/MI_AudioMaterialRoundedSlider.uexp" 2275
"../../../Engine/Plugins/Runtime/AudioWidgets/Content/AudioMaterialSlate/Functions/MF_SingleLine.uasset" 2276
"../../../Engine/Plugins/Runtime/AudioWidgets/Content/AudioMaterialSlate/Functions/MF_SingleLine.uexp" 2277
"../../../Engine/Plugins/Runtime/AudioWidgets/Content/AudioMaterialSlate/M_AudioMaterialToggleButton.uasset" 2278
"../../../Engine/Plugins/Runtime/AudioWidgets/Content/AudioMaterialSlate/M_AudioMaterialToggleButton.uexp" 2279
"../../../Engine/Plugins/Runtime/AudioWidgets/Content/AudioMaterialSlate/MI_AudioMaterialToggleButton.uasset" 2280
"../../../Engine/Plugins/Runtime/AudioWidgets/Content/AudioMaterialSlate/MI_AudioMaterialToggleButton.uexp" 2281
"F:/Study/The-final-game/horror/Content/StylizedProvencal/Textures/T_StoneWall03_B.ubulk" 2282
"F:/Study/The-final-game/horror/Content/StylizedProvencal/Textures/T_StoneWall03_B.uasset" 2283
"F:/Study/The-final-game/horror/Content/StylizedProvencal/Textures/T_StoneWall03_B.uexp" 2284
"F:/Study/The-final-game/horror/Content/StylizedProvencal/Textures/T_StoneWall03_H.ubulk" 2285
"F:/Study/The-final-game/horror/Content/StylizedProvencal/Textures/T_StoneWall03_H.uasset" 2286
"F:/Study/The-final-game/horror/Content/StylizedProvencal/Textures/T_StoneWall03_H.uexp" 2287
"F:/Study/The-final-game/horror/Content/StylizedProvencal/Textures/T_Plaster_N.ubulk" 2288
"F:/Study/The-final-game/horror/Content/StylizedProvencal/Textures/T_Plaster_N.uasset" 2289
"F:/Study/The-final-game/horror/Content/StylizedProvencal/Textures/T_Plaster_N.uexp" 2290
"F:/Study/The-final-game/horror/Content/StylizedProvencal/Textures/T_Plaster_AORM.ubulk" 2291
"F:/Study/The-final-game/horror/Content/StylizedProvencal/Textures/T_Plaster_AORM.uasset" 2292
"F:/Study/The-final-game/horror/Content/StylizedProvencal/Textures/T_Plaster_AORM.uexp" 2293
"F:/Study/The-final-game/horror/Content/StylizedProvencal/Textures/T_Plaster_B.ubulk" 2294
"F:/Study/The-final-game/horror/Content/StylizedProvencal/Textures/T_Plaster_B.uasset" 2295
"F:/Study/The-final-game/horror/Content/StylizedProvencal/Textures/T_Plaster_B.uexp" 2296
"F:/Study/The-final-game/horror/Content/StylizedProvencal/Textures/T_StoneWall03_A0RM.ubulk" 2297
"F:/Study/The-final-game/horror/Content/StylizedProvencal/Textures/T_StoneWall03_A0RM.uasset" 2298
"F:/Study/The-final-game/horror/Content/StylizedProvencal/Textures/T_StoneWall03_A0RM.uexp" 2299
"F:/Study/The-final-game/horror/Content/StylizedProvencal/Textures/T_StoneWall03_N.ubulk" 2300
"F:/Study/The-final-game/horror/Content/StylizedProvencal/Textures/T_StoneWall03_N.uasset" 2301
"F:/Study/The-final-game/horror/Content/StylizedProvencal/Textures/T_StoneWall03_N.uexp" 2302
"F:/Study/The-final-game/horror/Content/StylizedProvencal/Materials/MI_House_Walls_VertexPaint.uasset" 2303
"F:/Study/The-final-game/horror/Content/StylizedProvencal/Materials/MI_House_Walls_VertexPaint.uexp" 2304
"F:/Study/The-final-game/horror/Content/StylizedProvencal/Textures/T_Decals_B.ubulk" 2305
"F:/Study/The-final-game/horror/Content/StylizedProvencal/Textures/T_Decals_B.uasset" 2306
"F:/Study/The-final-game/horror/Content/StylizedProvencal/Textures/T_Decals_B.uexp" 2307
"F:/Study/The-final-game/horror/Content/StylizedProvencal/Materials/MM_Decals_Basecolor.uasset" 2308
"F:/Study/The-final-game/horror/Content/StylizedProvencal/Materials/MM_Decals_Basecolor.uexp" 2309
"F:/Study/The-final-game/horror/Content/StylizedProvencal/Textures/T_RoofTiles_02_B.ubulk" 2310
"F:/Study/The-final-game/horror/Content/StylizedProvencal/Textures/T_RoofTiles_02_B.uasset" 2311
"F:/Study/The-final-game/horror/Content/StylizedProvencal/Textures/T_RoofTiles_02_B.uexp" 2312
"F:/Study/The-final-game/horror/Content/StylizedProvencal/Textures/T_RoofTiles_Normal.ubulk" 2313
"F:/Study/The-final-game/horror/Content/StylizedProvencal/Textures/T_RoofTiles_Normal.uasset" 2314
"F:/Study/The-final-game/horror/Content/StylizedProvencal/Textures/T_RoofTiles_Normal.uexp" 2315
"F:/Study/The-final-game/horror/Content/StylizedProvencal/Materials/MF_Master.uasset" 2316
"F:/Study/The-final-game/horror/Content/StylizedProvencal/Materials/MF_Master.uexp" 2317
"F:/Study/The-final-game/horror/Content/StylizedProvencal/Materials/MM_Master_VertexPaint_Rooftiles.uasset" 2318
"F:/Study/The-final-game/horror/Content/StylizedProvencal/Materials/MM_Master_VertexPaint_Rooftiles.uexp" 2319
"F:/Study/The-final-game/horror/Content/StylizedProvencal/Textures/T_RoofTiles_03_B.ubulk" 2320
"F:/Study/The-final-game/horror/Content/StylizedProvencal/Textures/T_RoofTiles_03_B.uasset" 2321
"F:/Study/The-final-game/horror/Content/StylizedProvencal/Textures/T_RoofTiles_03_B.uexp" 2322
"F:/Study/The-final-game/horror/Content/StylizedProvencal/Textures/T_RoofTiles_01_B.ubulk" 2323
"F:/Study/The-final-game/horror/Content/StylizedProvencal/Textures/T_RoofTiles_01_B.uasset" 2324
"F:/Study/The-final-game/horror/Content/StylizedProvencal/Textures/T_RoofTiles_01_B.uexp" 2325
"F:/Study/The-final-game/horror/Content/StylizedProvencal/Textures/T_RoofTiles_H.ubulk" 2326
"F:/Study/The-final-game/horror/Content/StylizedProvencal/Textures/T_RoofTiles_H.uasset" 2327
"F:/Study/The-final-game/horror/Content/StylizedProvencal/Textures/T_RoofTiles_H.uexp" 2328
"F:/Study/The-final-game/horror/Content/StylizedProvencal/Textures/T_RoofTiles_AORM.ubulk" 2329
"F:/Study/The-final-game/horror/Content/StylizedProvencal/Textures/T_RoofTiles_AORM.uasset" 2330
"F:/Study/The-final-game/horror/Content/StylizedProvencal/Textures/T_RoofTiles_AORM.uexp" 2331
"F:/Study/The-final-game/horror/Content/StylizedProvencal/Materials/MI_RoofTile_VertexPaint.uasset" 2332
"F:/Study/The-final-game/horror/Content/StylizedProvencal/Materials/MI_RoofTile_VertexPaint.uexp" 2333
"F:/Study/The-final-game/horror/Content/StylizedProvencal/Textures/T_Windows_B.ubulk" 2334
"F:/Study/The-final-game/horror/Content/StylizedProvencal/Textures/T_Windows_B.uasset" 2335
"F:/Study/The-final-game/horror/Content/StylizedProvencal/Textures/T_Windows_B.uexp" 2336
"F:/Study/The-final-game/horror/Content/StylizedProvencal/Textures/T_Windows_N.ubulk" 2337
"F:/Study/The-final-game/horror/Content/StylizedProvencal/Textures/T_Windows_N.uasset" 2338
"F:/Study/The-final-game/horror/Content/StylizedProvencal/Textures/T_Windows_N.uexp" 2339
"F:/Study/The-final-game/horror/Content/StylizedProvencal/Textures/T_Windows_E.ubulk" 2340
"F:/Study/The-final-game/horror/Content/StylizedProvencal/Textures/T_Windows_E.uasset" 2341
"F:/Study/The-final-game/horror/Content/StylizedProvencal/Textures/T_Windows_E.uexp" 2342
"F:/Study/The-final-game/horror/Content/StylizedProvencal/Textures/T_Default_White.uasset" 2343
"F:/Study/The-final-game/horror/Content/StylizedProvencal/Textures/T_Default_White.uexp" 2344
"F:/Study/The-final-game/horror/Content/StylizedProvencal/Materials/MM_Master_Default.uasset" 2345
"F:/Study/The-final-game/horror/Content/StylizedProvencal/Materials/MM_Master_Default.uexp" 2346
"F:/Study/The-final-game/horror/Content/StylizedProvencal/Textures/T_Windows_AORM.ubulk" 2347
"F:/Study/The-final-game/horror/Content/StylizedProvencal/Textures/T_Windows_AORM.uasset" 2348
"F:/Study/The-final-game/horror/Content/StylizedProvencal/Textures/T_Windows_AORM.uexp" 2349
"F:/Study/The-final-game/horror/Content/StylizedProvencal/Materials/MI_Windows.uasset" 2350
"F:/Study/The-final-game/horror/Content/StylizedProvencal/Materials/MI_Windows.uexp" 2351
"F:/Study/The-final-game/horror/Content/StylizedProvencal/Materials/Landscape/RVT_Landscape_Height.uasset" 2352
"F:/Study/The-final-game/horror/Content/StylizedProvencal/Materials/Landscape/RVT_Landscape_Height.uexp" 2353
"../../../Engine/Content/Functions/Engine_MaterialFunctions01/AlphaBlend/WorldAlignedBlend.uasset" 2354
"../../../Engine/Content/Functions/Engine_MaterialFunctions01/AlphaBlend/WorldAlignedBlend.uexp" 2355
"F:/Study/The-final-game/horror/Content/StylizedProvencal/Materials/Landscape/RVT_Landscape_Color_2.uasset" 2356
"F:/Study/The-final-game/horror/Content/StylizedProvencal/Materials/Landscape/RVT_Landscape_Color_2.uexp" 2357
"F:/Study/The-final-game/horror/Content/StylizedProvencal/Textures/T_Rocks_Bricks_B.ubulk" 2358
"F:/Study/The-final-game/horror/Content/StylizedProvencal/Textures/T_Rocks_Bricks_B.uasset" 2359
"F:/Study/The-final-game/horror/Content/StylizedProvencal/Textures/T_Rocks_Bricks_B.uexp" 2360
"F:/Study/The-final-game/horror/Content/StylizedProvencal/Materials/MM_Master_RVT_Top.uasset" 2361
"F:/Study/The-final-game/horror/Content/StylizedProvencal/Materials/MM_Master_RVT_Top.uexp" 2362
"F:/Study/The-final-game/horror/Content/StylizedProvencal/Textures/T_Rocks_Bricks_N.ubulk" 2363
"F:/Study/The-final-game/horror/Content/StylizedProvencal/Textures/T_Rocks_Bricks_N.uasset" 2364
"F:/Study/The-final-game/horror/Content/StylizedProvencal/Textures/T_Rocks_Bricks_N.uexp" 2365
"F:/Study/The-final-game/horror/Content/StylizedProvencal/Textures/T_Rocks_Bricks_AORM.ubulk" 2366
"F:/Study/The-final-game/horror/Content/StylizedProvencal/Textures/T_Rocks_Bricks_AORM.uasset" 2367
"F:/Study/The-final-game/horror/Content/StylizedProvencal/Textures/T_Rocks_Bricks_AORM.uexp" 2368
"F:/Study/The-final-game/horror/Content/StylizedProvencal/Materials/MI_Rocks_Bricks.uasset" 2369
"F:/Study/The-final-game/horror/Content/StylizedProvencal/Materials/MI_Rocks_Bricks.uexp" 2370
"F:/Study/The-final-game/horror/Content/StylizedProvencal/Textures/T_RoofTileMeshes_01_B.ubulk" 2371
"F:/Study/The-final-game/horror/Content/StylizedProvencal/Textures/T_RoofTileMeshes_01_B.uasset" 2372
"F:/Study/The-final-game/horror/Content/StylizedProvencal/Textures/T_RoofTileMeshes_01_B.uexp" 2373
"F:/Study/The-final-game/horror/Content/StylizedProvencal/Textures/T_RoofTileMeshes_03_B.ubulk" 2374
"F:/Study/The-final-game/horror/Content/StylizedProvencal/Textures/T_RoofTileMeshes_03_B.uasset" 2375
"F:/Study/The-final-game/horror/Content/StylizedProvencal/Textures/T_RoofTileMeshes_03_B.uexp" 2376
"F:/Study/The-final-game/horror/Content/StylizedProvencal/Textures/T_RoofTileMeshes_N.ubulk" 2377
"F:/Study/The-final-game/horror/Content/StylizedProvencal/Textures/T_RoofTileMeshes_N.uasset" 2378
"F:/Study/The-final-game/horror/Content/StylizedProvencal/Textures/T_RoofTileMeshes_N.uexp" 2379
"F:/Study/The-final-game/horror/Content/StylizedProvencal/Textures/T_RoofTileMeshes_AORM.ubulk" 2380
"F:/Study/The-final-game/horror/Content/StylizedProvencal/Textures/T_RoofTileMeshes_AORM.uasset" 2381
"F:/Study/The-final-game/horror/Content/StylizedProvencal/Textures/T_RoofTileMeshes_AORM.uexp" 2382
"F:/Study/The-final-game/horror/Content/StylizedProvencal/Textures/T_RoofTileMeshes_02_B.ubulk" 2383
"F:/Study/The-final-game/horror/Content/StylizedProvencal/Textures/T_RoofTileMeshes_02_B.uasset" 2384
"F:/Study/The-final-game/horror/Content/StylizedProvencal/Textures/T_RoofTileMeshes_02_B.uexp" 2385
"F:/Study/The-final-game/horror/Content/StylizedProvencal/Materials/MI_RoofTile_Meshes_VertexPaint.uasset" 2386
"F:/Study/The-final-game/horror/Content/StylizedProvencal/Materials/MI_RoofTile_Meshes_VertexPaint.uexp" 2387
"F:/Study/The-final-game/horror/Content/StylizedProvencal/Textures/T_Atlas_House_N.ubulk" 2388
"F:/Study/The-final-game/horror/Content/StylizedProvencal/Textures/T_Atlas_House_N.uasset" 2389
"F:/Study/The-final-game/horror/Content/StylizedProvencal/Textures/T_Atlas_House_N.uexp" 2390
"F:/Study/The-final-game/horror/Content/StylizedProvencal/Textures/T_Atlas_House_B.ubulk" 2391
"F:/Study/The-final-game/horror/Content/StylizedProvencal/Textures/T_Atlas_House_B.uasset" 2392
"F:/Study/The-final-game/horror/Content/StylizedProvencal/Textures/T_Atlas_House_B.uexp" 2393
"F:/Study/The-final-game/horror/Content/StylizedProvencal/Textures/T_Atlas_House_AORM.ubulk" 2394
"F:/Study/The-final-game/horror/Content/StylizedProvencal/Textures/T_Atlas_House_AORM.uasset" 2395
"F:/Study/The-final-game/horror/Content/StylizedProvencal/Textures/T_Atlas_House_AORM.uexp" 2396
"F:/Study/The-final-game/horror/Content/StylizedProvencal/Materials/MI_Atlas.uasset" 2397
"F:/Study/The-final-game/horror/Content/StylizedProvencal/Materials/MI_Atlas.uexp" 2398
"F:/Study/The-final-game/horror/Content/StylizedProvencal/Textures/T_WoodenMeshes_N.ubulk" 2399
"F:/Study/The-final-game/horror/Content/StylizedProvencal/Textures/T_WoodenMeshes_N.uasset" 2400
"F:/Study/The-final-game/horror/Content/StylizedProvencal/Textures/T_WoodenMeshes_N.uexp" 2401
"F:/Study/The-final-game/horror/Content/StylizedProvencal/Textures/T_WoodenMeshes_AORM.ubulk" 2402
"F:/Study/The-final-game/horror/Content/StylizedProvencal/Textures/T_WoodenMeshes_AORM.uasset" 2403
"F:/Study/The-final-game/horror/Content/StylizedProvencal/Textures/T_WoodenMeshes_AORM.uexp" 2404
"F:/Study/The-final-game/horror/Content/StylizedProvencal/Textures/T_WoodenMeshes_B.ubulk" 2405
"F:/Study/The-final-game/horror/Content/StylizedProvencal/Textures/T_WoodenMeshes_B.uasset" 2406
"F:/Study/The-final-game/horror/Content/StylizedProvencal/Textures/T_WoodenMeshes_B.uexp" 2407
"F:/Study/The-final-game/horror/Content/StylizedProvencal/Materials/MI_WoodenMeshes.uasset" 2408
"F:/Study/The-final-game/horror/Content/StylizedProvencal/Materials/MI_WoodenMeshes.uexp" 2409
"F:/Study/The-final-game/horror/Content/StylizedProvencal/Materials/MI_Rocks_Bricks_02.uasset" 2410
"F:/Study/The-final-game/horror/Content/StylizedProvencal/Materials/MI_Rocks_Bricks_02.uexp" 2411
"F:/Study/The-final-game/horror/Content/StylizedProvencal/Meshes/SM_WindMill_SM_WindMill.ubulk" 2412
"F:/Study/The-final-game/horror/Content/StylizedProvencal/Meshes/SM_WindMill_SM_WindMill.uasset" 2413
"F:/Study/The-final-game/horror/Content/StylizedProvencal/Meshes/SM_WindMill_SM_WindMill.uexp" 2414
"F:/Study/The-final-game/horror/Content/StylizedProvencal/Materials/Landscape/RVT_Landscape_Color.uasset" 2415
"F:/Study/The-final-game/horror/Content/StylizedProvencal/Materials/Landscape/RVT_Landscape_Color.uexp" 2416
"../../../Engine/Content/Functions/Engine_MaterialFunctions01/WorldPositionOffset/SimpleGrassWind.uasset" 2417
"../../../Engine/Content/Functions/Engine_MaterialFunctions01/WorldPositionOffset/SimpleGrassWind.uexp" 2418
"F:/Study/The-final-game/horror/Content/StylizedProvencal/Textures/T_Flora_Atlas_01_B.ubulk" 2419
"F:/Study/The-final-game/horror/Content/StylizedProvencal/Textures/T_Flora_Atlas_01_B.uasset" 2420
"F:/Study/The-final-game/horror/Content/StylizedProvencal/Textures/T_Flora_Atlas_01_B.uexp" 2421
"F:/Study/The-final-game/horror/Content/StylizedProvencal/Materials/MM_Master_Flora.uasset" 2422
"F:/Study/The-final-game/horror/Content/StylizedProvencal/Materials/MM_Master_Flora.uexp" 2423
"F:/Study/The-final-game/horror/Content/StylizedProvencal/Textures/T_Flora_Atlas_02_B.ubulk" 2424
"F:/Study/The-final-game/horror/Content/StylizedProvencal/Textures/T_Flora_Atlas_02_B.uasset" 2425
"F:/Study/The-final-game/horror/Content/StylizedProvencal/Textures/T_Flora_Atlas_02_B.uexp" 2426
"F:/Study/The-final-game/horror/Content/StylizedProvencal/Materials/MI_Flora_04.uasset" 2427
"F:/Study/The-final-game/horror/Content/StylizedProvencal/Materials/MI_Flora_04.uexp" 2428
"F:/Study/The-final-game/horror/Content/StylizedProvencal/Textures/T_WoodTrunk_B.ubulk" 2429
"F:/Study/The-final-game/horror/Content/StylizedProvencal/Textures/T_WoodTrunk_B.uasset" 2430
"F:/Study/The-final-game/horror/Content/StylizedProvencal/Textures/T_WoodTrunk_B.uexp" 2431
"F:/Study/The-final-game/horror/Content/StylizedProvencal/Textures/T_WoodTrunk_N.ubulk" 2432
"F:/Study/The-final-game/horror/Content/StylizedProvencal/Textures/T_WoodTrunk_N.uasset" 2433
"F:/Study/The-final-game/horror/Content/StylizedProvencal/Textures/T_WoodTrunk_N.uexp" 2434
"F:/Study/The-final-game/horror/Content/StylizedProvencal/Textures/T_WoodTrunk_AORM.ubulk" 2435
"F:/Study/The-final-game/horror/Content/StylizedProvencal/Textures/T_WoodTrunk_AORM.uasset" 2436
"F:/Study/The-final-game/horror/Content/StylizedProvencal/Textures/T_WoodTrunk_AORM.uexp" 2437
"F:/Study/The-final-game/horror/Content/StylizedProvencal/Materials/MI_WoodTrunk.uasset" 2438
"F:/Study/The-final-game/horror/Content/StylizedProvencal/Materials/MI_WoodTrunk.uexp" 2439
"F:/Study/The-final-game/horror/Content/StylizedProvencal/Meshes/SM_Tree_03.ubulk" 2440
"F:/Study/The-final-game/horror/Content/StylizedProvencal/Meshes/SM_Tree_03.uasset" 2441
"F:/Study/The-final-game/horror/Content/StylizedProvencal/Meshes/SM_Tree_03.uexp" 2442
"F:/Study/The-final-game/horror/Content/StylizedProvencal/Materials/MI_Flora_Flowers.uasset" 2443
"F:/Study/The-final-game/horror/Content/StylizedProvencal/Materials/MI_Flora_Flowers.uexp" 2444
"F:/Study/The-final-game/horror/Content/StylizedProvencal/Meshes/SM_Flower_02_b.ubulk" 2445
"F:/Study/The-final-game/horror/Content/StylizedProvencal/Meshes/SM_Flower_02_b.uasset" 2446
"F:/Study/The-final-game/horror/Content/StylizedProvencal/Meshes/SM_Flower_02_b.uexp" 2447
"F:/Study/The-final-game/horror/Content/StylizedProvencal/Meshes/SM_Flower_02_b_FoliageType.uasset" 2448
"F:/Study/The-final-game/horror/Content/StylizedProvencal/Meshes/SM_Flower_02_b_FoliageType.uexp" 2449
"F:/Study/The-final-game/horror/Content/StylizedProvencal/Materials/MI_Flora_02.uasset" 2450
"F:/Study/The-final-game/horror/Content/StylizedProvencal/Materials/MI_Flora_02.uexp" 2451
"F:/Study/The-final-game/horror/Content/StylizedProvencal/Meshes/SM_Tree_02.ubulk" 2452
"F:/Study/The-final-game/horror/Content/StylizedProvencal/Meshes/SM_Tree_02.uasset" 2453
"F:/Study/The-final-game/horror/Content/StylizedProvencal/Meshes/SM_Tree_02.uexp" 2454
"F:/Study/The-final-game/horror/Content/StylizedProvencal/Materials/MI_Tree_Flora_02.uasset" 2455
"F:/Study/The-final-game/horror/Content/StylizedProvencal/Materials/MI_Tree_Flora_02.uexp" 2456
"F:/Study/The-final-game/horror/Content/StylizedProvencal/Meshes/SMF_Forest_Tree01.uasset" 2457
"F:/Study/The-final-game/horror/Content/StylizedProvencal/Meshes/SMF_Forest_Tree01.uexp" 2458
"F:/Study/The-final-game/horror/Content/StylizedProvencal/Textures/T_Rocks_Cliff_N.ubulk" 2459
"F:/Study/The-final-game/horror/Content/StylizedProvencal/Textures/T_Rocks_Cliff_N.uasset" 2460
"F:/Study/The-final-game/horror/Content/StylizedProvencal/Textures/T_Rocks_Cliff_N.uexp" 2461
"F:/Study/The-final-game/horror/Content/StylizedProvencal/Textures/T_Rocks_Cliff_AORM.ubulk" 2462
"F:/Study/The-final-game/horror/Content/StylizedProvencal/Textures/T_Rocks_Cliff_AORM.uasset" 2463
"F:/Study/The-final-game/horror/Content/StylizedProvencal/Textures/T_Rocks_Cliff_AORM.uexp" 2464
"F:/Study/The-final-game/horror/Content/StylizedProvencal/Textures/T_Rocks_Cliff_B.ubulk" 2465
"F:/Study/The-final-game/horror/Content/StylizedProvencal/Textures/T_Rocks_Cliff_B.uasset" 2466
"F:/Study/The-final-game/horror/Content/StylizedProvencal/Textures/T_Rocks_Cliff_B.uexp" 2467
"F:/Study/The-final-game/horror/Content/StylizedProvencal/Materials/MI_Rock_Cliffs.uasset" 2468
"F:/Study/The-final-game/horror/Content/StylizedProvencal/Materials/MI_Rock_Cliffs.uexp" 2469
"F:/Study/The-final-game/horror/Content/StylizedProvencal/Meshes/SM_Rock_Cliff_03.ubulk" 2470
"F:/Study/The-final-game/horror/Content/StylizedProvencal/Meshes/SM_Rock_Cliff_03.uasset" 2471
"F:/Study/The-final-game/horror/Content/StylizedProvencal/Meshes/SM_Rock_Cliff_03.uexp" 2472
"F:/Study/The-final-game/horror/Content/StylizedProvencal/Meshes/SMF_Forest_Rock_1.uasset" 2473
"F:/Study/The-final-game/horror/Content/StylizedProvencal/Meshes/SMF_Forest_Rock_1.uexp" 2474
"F:/Study/The-final-game/horror/Content/StylizedProvencal/Textures/T_Rocks_AORM.ubulk" 2475
"F:/Study/The-final-game/horror/Content/StylizedProvencal/Textures/T_Rocks_AORM.uasset" 2476
"F:/Study/The-final-game/horror/Content/StylizedProvencal/Textures/T_Rocks_AORM.uexp" 2477
"F:/Study/The-final-game/horror/Content/StylizedProvencal/Textures/T_Rocks_B.ubulk" 2478
"F:/Study/The-final-game/horror/Content/StylizedProvencal/Textures/T_Rocks_B.uasset" 2479
"F:/Study/The-final-game/horror/Content/StylizedProvencal/Textures/T_Rocks_B.uexp" 2480
"F:/Study/The-final-game/horror/Content/StylizedProvencal/Textures/T_Rocks_N.ubulk" 2481
"F:/Study/The-final-game/horror/Content/StylizedProvencal/Textures/T_Rocks_N.uasset" 2482
"F:/Study/The-final-game/horror/Content/StylizedProvencal/Textures/T_Rocks_N.uexp" 2483
"F:/Study/The-final-game/horror/Content/StylizedProvencal/Materials/MI_Rocks_.uasset" 2484
"F:/Study/The-final-game/horror/Content/StylizedProvencal/Materials/MI_Rocks_.uexp" 2485
"F:/Study/The-final-game/horror/Content/StylizedProvencal/Meshes/SM_Rock_Large_01.ubulk" 2486
"F:/Study/The-final-game/horror/Content/StylizedProvencal/Meshes/SM_Rock_Large_01.uasset" 2487
"F:/Study/The-final-game/horror/Content/StylizedProvencal/Meshes/SM_Rock_Large_01.uexp" 2488
"F:/Study/The-final-game/horror/Content/StylizedProvencal/Meshes/SMF_Forest_Rock_2.uasset" 2489
"F:/Study/The-final-game/horror/Content/StylizedProvencal/Meshes/SMF_Forest_Rock_2.uexp" 2490
"F:/Study/The-final-game/horror/Content/StylizedProvencal/Meshes/SM_Rock_Large_02.ubulk" 2491
"F:/Study/The-final-game/horror/Content/StylizedProvencal/Meshes/SM_Rock_Large_02.uasset" 2492
"F:/Study/The-final-game/horror/Content/StylizedProvencal/Meshes/SM_Rock_Large_02.uexp" 2493
"F:/Study/The-final-game/horror/Content/StylizedProvencal/Meshes/SMF_Forest_Rock_3.uasset" 2494
"F:/Study/The-final-game/horror/Content/StylizedProvencal/Meshes/SMF_Forest_Rock_3.uexp" 2495
"F:/Study/The-final-game/horror/Content/StylizedProvencal/Textures/T_FieldGrass_02_M.ubulk" 2496
"F:/Study/The-final-game/horror/Content/StylizedProvencal/Textures/T_FieldGrass_02_M.uasset" 2497
"F:/Study/The-final-game/horror/Content/StylizedProvencal/Textures/T_FieldGrass_02_M.uexp" 2498
"F:/Study/The-final-game/horror/Content/StylizedProvencal/Materials/Landscape/MF_WorldCoords-XY.uasset" 2499
"F:/Study/The-final-game/horror/Content/StylizedProvencal/Materials/Landscape/MF_WorldCoords-XY.uexp" 2500
"../../../Engine/Content/Functions/Engine_MaterialFunctions02/Utility/DitherTemporalAA.uasset" 2501
"../../../Engine/Content/Functions/Engine_MaterialFunctions02/Utility/DitherTemporalAA.uexp" 2502
"F:/Study/The-final-game/horror/Content/StylizedProvencal/Materials/Landscape/MF_GrassWindAlt.uasset" 2503
"F:/Study/The-final-game/horror/Content/StylizedProvencal/Materials/Landscape/MF_GrassWindAlt.uexp" 2504
"F:/Study/The-final-game/horror/Content/StylizedProvencal/Materials/MM_Master_Grass.uasset" 2505
"F:/Study/The-final-game/horror/Content/StylizedProvencal/Materials/MM_Master_Grass.uexp" 2506
"F:/Study/The-final-game/horror/Content/StylizedProvencal/Materials/MI_GrassField.uasset" 2507
"F:/Study/The-final-game/horror/Content/StylizedProvencal/Materials/MI_GrassField.uexp" 2508
"F:/Study/The-final-game/horror/Content/StylizedProvencal/Meshes/SM_GrassField_01_a.ubulk" 2509
"F:/Study/The-final-game/horror/Content/StylizedProvencal/Meshes/SM_GrassField_01_a.uasset" 2510
"F:/Study/The-final-game/horror/Content/StylizedProvencal/Meshes/SM_GrassField_01_a.uexp" 2511
"F:/Study/The-final-game/horror/Content/StylizedProvencal/Meshes/SMF_Forest_Tree06.uasset" 2512
"F:/Study/The-final-game/horror/Content/StylizedProvencal/Meshes/SMF_Forest_Tree06.uexp" 2513
"F:/Study/The-final-game/horror/Content/StylizedProvencal/Materials/MI_Flora_Flowers_02.uasset" 2514
"F:/Study/The-final-game/horror/Content/StylizedProvencal/Materials/MI_Flora_Flowers_02.uexp" 2515
"F:/Study/The-final-game/horror/Content/StylizedProvencal/Meshes/SMF_GrassField_01_b.uasset" 2516
"F:/Study/The-final-game/horror/Content/StylizedProvencal/Meshes/SMF_GrassField_01_b.uexp" 2517
"F:/Study/The-final-game/horror/Content/StylizedProvencal/Materials/MI_Grass_a.uasset" 2518
"F:/Study/The-final-game/horror/Content/StylizedProvencal/Materials/MI_Grass_a.uexp" 2519
"F:/Study/The-final-game/horror/Content/StylizedProvencal/Meshes/SM_GrassField_01_b.ubulk" 2520
"F:/Study/The-final-game/horror/Content/StylizedProvencal/Meshes/SM_GrassField_01_b.uasset" 2521
"F:/Study/The-final-game/horror/Content/StylizedProvencal/Meshes/SM_GrassField_01_b.uexp" 2522
"F:/Study/The-final-game/horror/Content/StylizedProvencal/Meshes/SMF_Grass_Small_02_b.uasset" 2523
"F:/Study/The-final-game/horror/Content/StylizedProvencal/Meshes/SMF_Grass_Small_02_b.uexp" 2524
"F:/Study/The-final-game/horror/Content/StylizedProvencal/Meshes/SM_RockBrick_Medium_02.ubulk" 2525
"F:/Study/The-final-game/horror/Content/StylizedProvencal/Meshes/SM_RockBrick_Medium_02.uasset" 2526
"F:/Study/The-final-game/horror/Content/StylizedProvencal/Meshes/SM_RockBrick_Medium_02.uexp" 2527
"F:/Study/The-final-game/horror/Content/StylizedProvencal/Meshes/SM_RoofTile_03.ubulk" 2528
"F:/Study/The-final-game/horror/Content/StylizedProvencal/Meshes/SM_RoofTile_03.uasset" 2529
"F:/Study/The-final-game/horror/Content/StylizedProvencal/Meshes/SM_RoofTile_03.uexp" 2530
"F:/Study/The-final-game/horror/Content/StylizedProvencal/Materials/MI_Flora.uasset" 2531
"F:/Study/The-final-game/horror/Content/StylizedProvencal/Materials/MI_Flora.uexp" 2532
"F:/Study/The-final-game/horror/Content/StylizedProvencal/Meshes/SM_Vine_01_b.ubulk" 2533
"F:/Study/The-final-game/horror/Content/StylizedProvencal/Meshes/SM_Vine_01_b.uasset" 2534
"F:/Study/The-final-game/horror/Content/StylizedProvencal/Meshes/SM_Vine_01_b.uexp" 2535
"F:/Study/The-final-game/horror/Content/StylizedProvencal/Meshes/SM_Vine_01_b_FoliageType.uasset" 2536
"F:/Study/The-final-game/horror/Content/StylizedProvencal/Meshes/SM_Vine_01_b_FoliageType.uexp" 2537
"F:/Study/The-final-game/horror/Content/StylizedProvencal/Meshes/SM_House_Main.ubulk" 2538
"F:/Study/The-final-game/horror/Content/StylizedProvencal/Meshes/SM_House_Main.uasset" 2539
"F:/Study/The-final-game/horror/Content/StylizedProvencal/Meshes/SM_House_Main.uexp" 2540
"../../../Engine/Content/EngineMaterials/DefaultPhysicalMaterial.uasset" 2541
"../../../Engine/Content/EngineMaterials/DefaultPhysicalMaterial.uexp" 2542
"F:/Study/The-final-game/horror/Content/StylizedProvencal/GrassLayer_LayerInfo.uasset" 2543
"F:/Study/The-final-game/horror/Content/StylizedProvencal/GrassLayer_LayerInfo.uexp" 2544
"F:/Study/The-final-game/horror/Content/StylizedProvencal/DirtLayer_LayerInfo.uasset" 2545
"F:/Study/The-final-game/horror/Content/StylizedProvencal/DirtLayer_LayerInfo.uexp" 2546
"F:/Study/The-final-game/horror/Content/StylizedProvencal/Materials/MI_Flora_3.uasset" 2547
"F:/Study/The-final-game/horror/Content/StylizedProvencal/Materials/MI_Flora_3.uexp" 2548
"F:/Study/The-final-game/horror/Content/StylizedProvencal/Meshes/SM_Tree_01.ubulk" 2549
"F:/Study/The-final-game/horror/Content/StylizedProvencal/Meshes/SM_Tree_01.uasset" 2550
"F:/Study/The-final-game/horror/Content/StylizedProvencal/Meshes/SM_Tree_01.uexp" 2551
"F:/Study/The-final-game/horror/Content/StylizedProvencal/Meshes/SM_Tree_01_FoliageType.uasset" 2552
"F:/Study/The-final-game/horror/Content/StylizedProvencal/Meshes/SM_Tree_01_FoliageType.uexp" 2553
"F:/Study/The-final-game/horror/Content/StylizedProvencal/Meshes/SM_Door.ubulk" 2554
"F:/Study/The-final-game/horror/Content/StylizedProvencal/Meshes/SM_Door.uasset" 2555
"F:/Study/The-final-game/horror/Content/StylizedProvencal/Meshes/SM_Door.uexp" 2556
"F:/Study/The-final-game/horror/Content/StylizedProvencal/Meshes/SM_Shrine.ubulk" 2557
"F:/Study/The-final-game/horror/Content/StylizedProvencal/Meshes/SM_Shrine.uasset" 2558
"F:/Study/The-final-game/horror/Content/StylizedProvencal/Meshes/SM_Shrine.uexp" 2559
"F:/Study/The-final-game/horror/Content/StylizedProvencal/Meshes/SM_House_Barn.ubulk" 2560
"F:/Study/The-final-game/horror/Content/StylizedProvencal/Meshes/SM_House_Barn.uasset" 2561
"F:/Study/The-final-game/horror/Content/StylizedProvencal/Meshes/SM_House_Barn.uexp" 2562
"F:/Study/The-final-game/horror/Content/StylizedProvencal/Textures/T_Decals_Normal_O.ubulk" 2563
"F:/Study/The-final-game/horror/Content/StylizedProvencal/Textures/T_Decals_Normal_O.uasset" 2564
"F:/Study/The-final-game/horror/Content/StylizedProvencal/Textures/T_Decals_Normal_O.uexp" 2565
"F:/Study/The-final-game/horror/Content/StylizedProvencal/Textures/T_Decals_N.ubulk" 2566
"F:/Study/The-final-game/horror/Content/StylizedProvencal/Textures/T_Decals_N.uasset" 2567
"F:/Study/The-final-game/horror/Content/StylizedProvencal/Textures/T_Decals_N.uexp" 2568
"F:/Study/The-final-game/horror/Content/StylizedProvencal/Materials/MM_Decals_Normal.uasset" 2569
"F:/Study/The-final-game/horror/Content/StylizedProvencal/Materials/MM_Decals_Normal.uexp" 2570
"F:/Study/The-final-game/horror/Content/StylizedProvencal/Materials/MI_House_Decals_Normal.uasset" 2571
"F:/Study/The-final-game/horror/Content/StylizedProvencal/Materials/MI_House_Decals_Normal.uexp" 2572
"F:/Study/The-final-game/horror/Content/StylizedProvencal/Materials/MI_Rocks_Bricks_2.uasset" 2573
"F:/Study/The-final-game/horror/Content/StylizedProvencal/Materials/MI_Rocks_Bricks_2.uexp" 2574
"F:/Study/The-final-game/horror/Content/StylizedProvencal/Meshes/SM_Castle_Wall.ubulk" 2575
"F:/Study/The-final-game/horror/Content/StylizedProvencal/Meshes/SM_Castle_Wall.uasset" 2576
"F:/Study/The-final-game/horror/Content/StylizedProvencal/Meshes/SM_Castle_Wall.uexp" 2577
"F:/Study/The-final-game/horror/Content/StylizedProvencal/Textures/T_WindMill_B.ubulk" 2578
"F:/Study/The-final-game/horror/Content/StylizedProvencal/Textures/T_WindMill_B.uasset" 2579
"F:/Study/The-final-game/horror/Content/StylizedProvencal/Textures/T_WindMill_B.uexp" 2580
"F:/Study/The-final-game/horror/Content/StylizedProvencal/Textures/T_WindMill_AORM.ubulk" 2581
"F:/Study/The-final-game/horror/Content/StylizedProvencal/Textures/T_WindMill_AORM.uasset" 2582
"F:/Study/The-final-game/horror/Content/StylizedProvencal/Textures/T_WindMill_AORM.uexp" 2583
"F:/Study/The-final-game/horror/Content/StylizedProvencal/Textures/T_WindMill_N.ubulk" 2584
"F:/Study/The-final-game/horror/Content/StylizedProvencal/Textures/T_WindMill_N.uasset" 2585
"F:/Study/The-final-game/horror/Content/StylizedProvencal/Textures/T_WindMill_N.uexp" 2586
"F:/Study/The-final-game/horror/Content/StylizedProvencal/Materials/MI_WindMill_Palms.uasset" 2587
"F:/Study/The-final-game/horror/Content/StylizedProvencal/Materials/MI_WindMill_Palms.uexp" 2588
"F:/Study/The-final-game/horror/Content/StylizedProvencal/Meshes/SM_WindMill_Palms.ubulk" 2589
"F:/Study/The-final-game/horror/Content/StylizedProvencal/Meshes/SM_WindMill_Palms.uasset" 2590
"F:/Study/The-final-game/horror/Content/StylizedProvencal/Meshes/SM_WindMill_Palms.uexp" 2591
"F:/Study/The-final-game/horror/Content/StylizedProvencal/Meshes/SM_WindMill_Palms_Blueprint.uasset" 2592
"F:/Study/The-final-game/horror/Content/StylizedProvencal/Meshes/SM_WindMill_Palms_Blueprint.uexp" 2593
"F:/Study/The-final-game/horror/Content/StylizedProvencal/Meshes/SM_Bridge.ubulk" 2594
"F:/Study/The-final-game/horror/Content/StylizedProvencal/Meshes/SM_Bridge.uasset" 2595
"F:/Study/The-final-game/horror/Content/StylizedProvencal/Meshes/SM_Bridge.uexp" 2596
"F:/Study/The-final-game/horror/Content/StylizedProvencal/Meshes/SM_Fence_01.ubulk" 2597
"F:/Study/The-final-game/horror/Content/StylizedProvencal/Meshes/SM_Fence_01.uasset" 2598
"F:/Study/The-final-game/horror/Content/StylizedProvencal/Meshes/SM_Fence_01.uexp" 2599
"F:/Study/The-final-game/horror/Content/StylizedProvencal/Textures/T_WaterMill_Wheel_N.ubulk" 2600
"F:/Study/The-final-game/horror/Content/StylizedProvencal/Textures/T_WaterMill_Wheel_N.uasset" 2601
"F:/Study/The-final-game/horror/Content/StylizedProvencal/Textures/T_WaterMill_Wheel_N.uexp" 2602
"F:/Study/The-final-game/horror/Content/StylizedProvencal/Textures/T_WaterMill_Wheel_AORM.ubulk" 2603
"F:/Study/The-final-game/horror/Content/StylizedProvencal/Textures/T_WaterMill_Wheel_AORM.uasset" 2604
"F:/Study/The-final-game/horror/Content/StylizedProvencal/Textures/T_WaterMill_Wheel_AORM.uexp" 2605
"F:/Study/The-final-game/horror/Content/StylizedProvencal/Textures/T_WaterMill_Wheel_B.ubulk" 2606
"F:/Study/The-final-game/horror/Content/StylizedProvencal/Textures/T_WaterMill_Wheel_B.uasset" 2607
"F:/Study/The-final-game/horror/Content/StylizedProvencal/Textures/T_WaterMill_Wheel_B.uexp" 2608
"F:/Study/The-final-game/horror/Content/StylizedProvencal/Materials/MI_WaterMill_Wheel.uasset" 2609
"F:/Study/The-final-game/horror/Content/StylizedProvencal/Materials/MI_WaterMill_Wheel.uexp" 2610
"F:/Study/The-final-game/horror/Content/StylizedProvencal/Meshes/SM_WaterMill_Wheel.ubulk" 2611
"F:/Study/The-final-game/horror/Content/StylizedProvencal/Meshes/SM_WaterMill_Wheel.uasset" 2612
"F:/Study/The-final-game/horror/Content/StylizedProvencal/Meshes/SM_WaterMill_Wheel.uexp" 2613
"F:/Study/The-final-game/horror/Content/StylizedProvencal/Meshes/SM_WaterMill_House.ubulk" 2614
"F:/Study/The-final-game/horror/Content/StylizedProvencal/Meshes/SM_WaterMill_House.uasset" 2615
"F:/Study/The-final-game/horror/Content/StylizedProvencal/Meshes/SM_WaterMill_House.uexp" 2616
"../../../Engine/Plugins/Experimental/Water/Content/Materials/MPC/MPC_Water.uasset" 2617
"../../../Engine/Plugins/Experimental/Water/Content/Materials/MPC/MPC_Water.uexp" 2618
"../../../Engine/Content/Functions/Engine_MaterialFunctions01/Gradient/BoxMask-2D.uasset" 2619
"../../../Engine/Content/Functions/Engine_MaterialFunctions01/Gradient/BoxMask-2D.uexp" 2620
"../../../Engine/Plugins/Experimental/Water/Content/FluidSimulation/WaveFoam/FoamRT.uasset" 2621
"../../../Engine/Plugins/Experimental/Water/Content/FluidSimulation/WaveFoam/FoamRT.uexp" 2622
"../../../Engine/Plugins/Experimental/Water/Content/Textures/Foam/T_WaterFlow_01_Foam_Tiled.ubulk" 2623
"../../../Engine/Plugins/Experimental/Water/Content/Textures/Foam/T_WaterFlow_01_Foam_Tiled.uasset" 2624
"../../../Engine/Plugins/Experimental/Water/Content/Textures/Foam/T_WaterFlow_01_Foam_Tiled.uexp" 2625
"../../../Engine/Plugins/Experimental/Water/Content/Materials/Functions/WaterZoneData.uasset" 2626
"../../../Engine/Plugins/Experimental/Water/Content/Materials/Functions/WaterZoneData.uexp" 2627
"../../../Engine/Plugins/Experimental/Water/Content/Textures/BlackTexture2DArray.uasset" 2628
"../../../Engine/Plugins/Experimental/Water/Content/Textures/BlackTexture2DArray.uexp" 2629
"../../../Engine/Plugins/Experimental/Water/Content/Materials/Functions/HighQualityTextureFiltering.uasset" 2630
"../../../Engine/Plugins/Experimental/Water/Content/Materials/Functions/HighQualityTextureFiltering.uexp" 2631
"../../../Engine/Plugins/Experimental/Water/Content/Materials/Functions/WaterBodyData.uasset" 2632
"../../../Engine/Plugins/Experimental/Water/Content/Materials/Functions/WaterBodyData.uexp" 2633
"../../../Engine/Plugins/Experimental/Water/Content/Textures/Foam/T_WaterFlow_01_Foam_Tiled_N.ubulk" 2634
"../../../Engine/Plugins/Experimental/Water/Content/Textures/Foam/T_WaterFlow_01_Foam_Tiled_N.uasset" 2635
"../../../Engine/Plugins/Experimental/Water/Content/Textures/Foam/T_WaterFlow_01_Foam_Tiled_N.uexp" 2636
"../../../Engine/Content/EngineSky/VolumetricClouds/T_VolumeNoiseShape128.uasset" 2637
"../../../Engine/Content/EngineSky/VolumetricClouds/T_VolumeNoiseShape128.uexp" 2638
"../../../Engine/Plugins/Experimental/Water/Content/Materials/Layers/BeachFoam.uasset" 2639
"../../../Engine/Plugins/Experimental/Water/Content/Materials/Layers/BeachFoam.uexp" 2640
"../../../Engine/Plugins/Experimental/Water/Content/Materials/Functions/WaterOpacityMaskFromDepth.uasset" 2641
"../../../Engine/Plugins/Experimental/Water/Content/Materials/Functions/WaterOpacityMaskFromDepth.uexp" 2642
"../../../Engine/Content/Functions/Engine_MaterialFunctions02/ExampleContent/Textures/LowResBlurredNoise.uasset" 2643
"../../../Engine/Content/Functions/Engine_MaterialFunctions02/ExampleContent/Textures/LowResBlurredNoise.uexp" 2644
"../../../Engine/Plugins/Experimental/Water/Content/Textures/Flowmaps/RiverFlowmap_Diffuse.ubulk" 2645
"../../../Engine/Plugins/Experimental/Water/Content/Textures/Flowmaps/RiverFlowmap_Diffuse.uasset" 2646
"../../../Engine/Plugins/Experimental/Water/Content/Textures/Flowmaps/RiverFlowmap_Diffuse.uexp" 2647
"../../../Engine/Content/Functions/Engine_MaterialFunctions01/Coordinates/WorldPosition-XY.uasset" 2648
"../../../Engine/Content/Functions/Engine_MaterialFunctions01/Coordinates/WorldPosition-XY.uexp" 2649
"../../../Engine/Plugins/Experimental/Water/Content/Textures/Flowmaps/RiverFlowmap_Normal.ubulk" 2650
"../../../Engine/Plugins/Experimental/Water/Content/Textures/Flowmaps/RiverFlowmap_Normal.uasset" 2651
"../../../Engine/Plugins/Experimental/Water/Content/Textures/Flowmaps/RiverFlowmap_Normal.uexp" 2652
"../../../Engine/Content/Functions/Engine_MaterialFunctions02/Math/MakeVectorsOrthogonal.uasset" 2653
"../../../Engine/Content/Functions/Engine_MaterialFunctions02/Math/MakeVectorsOrthogonal.uexp" 2654
"../../../Engine/Content/EngineMaterials/DefaultNormal.ubulk" 2655
"../../../Engine/Content/EngineMaterials/DefaultNormal.uasset" 2656
"../../../Engine/Content/EngineMaterials/DefaultNormal.uexp" 2657
"../../../Engine/Content/Functions/Engine_MaterialFunctions02/Math/TimeWithSpeedVariable.uasset" 2658
"../../../Engine/Content/Functions/Engine_MaterialFunctions02/Math/TimeWithSpeedVariable.uexp" 2659
"../../../Engine/Content/Functions/Engine_MaterialFunctions02/Utility/LinearSine.uasset" 2660
"../../../Engine/Content/Functions/Engine_MaterialFunctions02/Utility/LinearSine.uexp" 2661
"../../../Engine/Content/Functions/Engine_MaterialFunctions02/Texturing/Flowmaps.uasset" 2662
"../../../Engine/Content/Functions/Engine_MaterialFunctions02/Texturing/Flowmaps.uexp" 2663
"../../../Engine/Plugins/Experimental/Water/Content/Materials/Functions/WaterRiverFlowmaps.uasset" 2664
"../../../Engine/Plugins/Experimental/Water/Content/Materials/Functions/WaterRiverFlowmaps.uexp" 2665
"../../../Engine/Plugins/Experimental/Water/Content/Materials/Layers/WaterAttributes.uasset" 2666
"../../../Engine/Plugins/Experimental/Water/Content/Materials/Layers/WaterAttributes.uexp" 2667
"../../../Engine/Plugins/Experimental/Water/Content/Materials/Functions/ClipDynamicBounds.uasset" 2668
"../../../Engine/Plugins/Experimental/Water/Content/Materials/Functions/ClipDynamicBounds.uexp" 2669
"../../../Engine/Plugins/Experimental/Water/Content/Materials/Functions/Water_Underside.uasset" 2670
"../../../Engine/Plugins/Experimental/Water/Content/Materials/Functions/Water_Underside.uexp" 2671
"../../../Engine/Plugins/Experimental/Water/Content/Materials/Functions/ComputeWavesAttenuationFactor.uasset" 2672
"../../../Engine/Plugins/Experimental/Water/Content/Materials/Functions/ComputeWavesAttenuationFactor.uexp" 2673
"../../../Engine/Plugins/Experimental/Water/Content/Materials/Functions/WaveDepthFalloff_Overrides.uasset" 2674
"../../../Engine/Plugins/Experimental/Water/Content/Materials/Functions/WaveDepthFalloff_Overrides.uexp" 2675
"../../../Engine/Plugins/Experimental/Water/Content/Materials/Functions/ComputeGerstnerWaves.uasset" 2676
"../../../Engine/Plugins/Experimental/Water/Content/Materials/Functions/ComputeGerstnerWaves.uexp" 2677
"../../../Engine/Content/Functions/Engine_MaterialFunctions01/Opacity/AlphaOffset.uasset" 2678
"../../../Engine/Content/Functions/Engine_MaterialFunctions01/Opacity/AlphaOffset.uexp" 2679
"../../../Engine/Plugins/Experimental/Water/Content/FluidSimulation/Materials/Functions/Fluidsim_WorldPosition_to_UV.uasset" 2680
"../../../Engine/Plugins/Experimental/Water/Content/FluidSimulation/Materials/Functions/Fluidsim_WorldPosition_to_UV.uexp" 2681
"../../../Engine/Plugins/Experimental/Water/Content/FluidSimulation/WaveFoam/WaterDistanceField.uasset" 2682
"../../../Engine/Plugins/Experimental/Water/Content/FluidSimulation/WaveFoam/WaterDistanceField.uexp" 2683
"../../../Engine/Plugins/Experimental/Water/Content/Materials/Functions/SampleFluidSimulation.uasset" 2684
"../../../Engine/Plugins/Experimental/Water/Content/Materials/Functions/SampleFluidSimulation.uexp" 2685
"../../../Engine/Plugins/Experimental/Water/Content/Materials/Functions/WaterTextureWaves.uasset" 2686
"../../../Engine/Plugins/Experimental/Water/Content/Materials/Functions/WaterTextureWaves.uexp" 2687
"../../../Engine/Plugins/Experimental/Water/Content/Textures/Normals/T_Water_TilingNormal_With_Height_02_Softened.ubulk" 2688
"../../../Engine/Plugins/Experimental/Water/Content/Textures/Normals/T_Water_TilingNormal_With_Height_02_Softened.uasset" 2689
"../../../Engine/Plugins/Experimental/Water/Content/Textures/Normals/T_Water_TilingNormal_With_Height_02_Softened.uexp" 2690
"../../../Engine/Plugins/Experimental/Water/Content/Materials/Functions/WaterTextureSurface.uasset" 2691
"../../../Engine/Plugins/Experimental/Water/Content/Materials/Functions/WaterTextureSurface.uexp" 2692
"../../../Engine/Plugins/Experimental/Water/Content/Caustics/Materials/Functions/GetDistortionUV.uasset" 2693
"../../../Engine/Plugins/Experimental/Water/Content/Caustics/Materials/Functions/GetDistortionUV.uexp" 2694
"../../../Engine/Plugins/Experimental/Water/Content/Materials/Functions/WorldNormalBehindWater.uasset" 2695
"../../../Engine/Plugins/Experimental/Water/Content/Materials/Functions/WorldNormalBehindWater.uexp" 2696
"../../../Engine/Plugins/Experimental/Water/Content/Materials/Functions/GetWaterTime.uasset" 2697
"../../../Engine/Plugins/Experimental/Water/Content/Materials/Functions/GetWaterTime.uexp" 2698
"../../../Engine/Plugins/Experimental/Water/Content/Materials/Functions/WorldPositionBehindWater.uasset" 2699
"../../../Engine/Plugins/Experimental/Water/Content/Materials/Functions/WorldPositionBehindWater.uexp" 2700
"../../../Engine/Plugins/Experimental/Water/Content/Caustics/Materials/Functions/WaterCaustics_GerstnerWaves.uasset" 2701
"../../../Engine/Plugins/Experimental/Water/Content/Caustics/Materials/Functions/WaterCaustics_GerstnerWaves.uexp" 2702
"../../../Engine/Plugins/Experimental/Water/Content/Materials/Functions/SetWaveAttributes.uasset" 2703
"../../../Engine/Plugins/Experimental/Water/Content/Materials/Functions/SetWaveAttributes.uexp" 2704
"../../../Engine/Plugins/Experimental/Water/Content/Materials/Functions/WaterHeightMappingVS.uasset" 2705
"../../../Engine/Plugins/Experimental/Water/Content/Materials/Functions/WaterHeightMappingVS.uexp" 2706
"../../../Engine/Plugins/Experimental/Water/Content/Materials/Functions/WaveVelocityMask.uasset" 2707
"../../../Engine/Plugins/Experimental/Water/Content/Materials/Functions/WaveVelocityMask.uexp" 2708
"../../../Engine/Plugins/Experimental/Water/Content/Materials/Functions/WaterCoefficientMask.uasset" 2709
"../../../Engine/Plugins/Experimental/Water/Content/Materials/Functions/WaterCoefficientMask.uexp" 2710
"../../../Engine/Plugins/Experimental/Water/Content/Materials/WaterSurface/Water_Material.uasset" 2711
"../../../Engine/Plugins/Experimental/Water/Content/Materials/WaterSurface/Water_Material.uexp" 2712
"../../../Engine/Plugins/Experimental/Water/Content/Materials/WaterSurface/Water_FarMesh.uasset" 2713
"../../../Engine/Plugins/Experimental/Water/Content/Materials/WaterSurface/Water_FarMesh.uexp" 2714
"F:/Study/The-final-game/horror/Content/StylizedProvencal/Meshes/SM_House_02.ubulk" 2715
"F:/Study/The-final-game/horror/Content/StylizedProvencal/Meshes/SM_House_02.uasset" 2716
"F:/Study/The-final-game/horror/Content/StylizedProvencal/Meshes/SM_House_02.uexp" 2717
"F:/Study/The-final-game/horror/Content/StylizedProvencal/Meshes/SM_Fence_02.ubulk" 2718
"F:/Study/The-final-game/horror/Content/StylizedProvencal/Meshes/SM_Fence_02.uasset" 2719
"F:/Study/The-final-game/horror/Content/StylizedProvencal/Meshes/SM_Fence_02.uexp" 2720
"../../../Engine/Content/Functions/Engine_MaterialFunctions02/ExampleContent/Textures/water_d.ubulk" 2721
"../../../Engine/Content/Functions/Engine_MaterialFunctions02/ExampleContent/Textures/water_d.uasset" 2722
"../../../Engine/Content/Functions/Engine_MaterialFunctions02/ExampleContent/Textures/water_d.uexp" 2723
"../../../Engine/Content/Functions/Engine_MaterialFunctions02/ExampleContent/Textures/water_n.ubulk" 2724
"../../../Engine/Content/Functions/Engine_MaterialFunctions02/ExampleContent/Textures/water_n.uasset" 2725
"../../../Engine/Content/Functions/Engine_MaterialFunctions02/ExampleContent/Textures/water_n.uexp" 2726
"../../../Engine/Content/EngineResources/Black.uasset" 2727
"../../../Engine/Content/EngineResources/Black.uexp" 2728
"../../../Engine/Plugins/Experimental/Water/Content/Materials/WaterSurface/Water_Material_Inst.uasset" 2729
"../../../Engine/Plugins/Experimental/Water/Content/Materials/WaterSurface/Water_Material_Inst.uexp" 2730
"../../../Engine/Plugins/Experimental/Water/Content/Materials/WaterSurface/Water_Material_River.uasset" 2731
"../../../Engine/Plugins/Experimental/Water/Content/Materials/WaterSurface/Water_Material_River.uexp" 2732
"../../../Engine/Plugins/Experimental/Water/Content/Materials/WaterSurface/Transitions/Water_Material_River_To_Ocean_Transition.uasset" 2733
"../../../Engine/Plugins/Experimental/Water/Content/Materials/WaterSurface/Transitions/Water_Material_River_To_Ocean_Transition.uexp" 2734
"../../../Engine/Plugins/Experimental/Water/Content/Materials/HLOD/HLODWater.uasset" 2735
"../../../Engine/Plugins/Experimental/Water/Content/Materials/HLOD/HLODWater.uexp" 2736
"../../../Engine/Plugins/Experimental/Water/Content/Materials/WaterSurface/Transitions/Water_Material_River_To_Lake_Transition.uasset" 2737
"../../../Engine/Plugins/Experimental/Water/Content/Materials/WaterSurface/Transitions/Water_Material_River_To_Lake_Transition.uexp" 2738
"../../../Engine/Plugins/Experimental/Water/Content/Materials/WaterSurface/LODs/Water_Material_River_LOD.uasset" 2739
"../../../Engine/Plugins/Experimental/Water/Content/Materials/WaterSurface/LODs/Water_Material_River_LOD.uexp" 2740
"../../../Engine/Plugins/Experimental/Water/Content/Curves/FloatCurve.uasset" 2741
"../../../Engine/Plugins/Experimental/Water/Content/Curves/FloatCurve.uexp" 2742
"../../../Engine/Content/Functions/Engine_MaterialFunctions01/Volumetrics/SchlickPhase.uasset" 2743
"../../../Engine/Content/Functions/Engine_MaterialFunctions01/Volumetrics/SchlickPhase.uexp" 2744
"../../../Engine/Plugins/Experimental/Water/Content/Materials/PostProcessing/M_UnderWater_PostProcess_Volume.uasset" 2745
"../../../Engine/Plugins/Experimental/Water/Content/Materials/PostProcessing/M_UnderWater_PostProcess_Volume.uexp" 2746
"F:/Study/The-final-game/horror/Content/level/WaterBodyRiver_Blueprint.uasset" 2747
"F:/Study/The-final-game/horror/Content/level/WaterBodyRiver_Blueprint.uexp" 2748
"../../../Engine/Plugins/Experimental/Water/Content/Meshes/RiverMesh.ubulk" 2749
"../../../Engine/Plugins/Experimental/Water/Content/Meshes/RiverMesh.uasset" 2750
"../../../Engine/Plugins/Experimental/Water/Content/Meshes/RiverMesh.uexp" 2751
"F:/Study/The-final-game/horror/Content/StylizedProvencal/Textures/T_TunnelProps_AORM.ubulk" 2752
"F:/Study/The-final-game/horror/Content/StylizedProvencal/Textures/T_TunnelProps_AORM.uasset" 2753
"F:/Study/The-final-game/horror/Content/StylizedProvencal/Textures/T_TunnelProps_AORM.uexp" 2754
"F:/Study/The-final-game/horror/Content/StylizedProvencal/Textures/T_TunnelProps_B.ubulk" 2755
"F:/Study/The-final-game/horror/Content/StylizedProvencal/Textures/T_TunnelProps_B.uasset" 2756
"F:/Study/The-final-game/horror/Content/StylizedProvencal/Textures/T_TunnelProps_B.uexp" 2757
"F:/Study/The-final-game/horror/Content/StylizedProvencal/Textures/T_TunnelProps_N.ubulk" 2758
"F:/Study/The-final-game/horror/Content/StylizedProvencal/Textures/T_TunnelProps_N.uasset" 2759
"F:/Study/The-final-game/horror/Content/StylizedProvencal/Textures/T_TunnelProps_N.uexp" 2760
"F:/Study/The-final-game/horror/Content/StylizedProvencal/Materials/MI_TunnelProps.uasset" 2761
"F:/Study/The-final-game/horror/Content/StylizedProvencal/Materials/MI_TunnelProps.uexp" 2762
"F:/Study/The-final-game/horror/Content/StylizedProvencal/Meshes/SM_House_Passage.ubulk" 2763
"F:/Study/The-final-game/horror/Content/StylizedProvencal/Meshes/SM_House_Passage.uasset" 2764
"F:/Study/The-final-game/horror/Content/StylizedProvencal/Meshes/SM_House_Passage.uexp" 2765
"F:/Study/The-final-game/horror/Content/StylizedProvencal/Meshes/SM_House_Tower.ubulk" 2766
"F:/Study/The-final-game/horror/Content/StylizedProvencal/Meshes/SM_House_Tower.uasset" 2767
"F:/Study/The-final-game/horror/Content/StylizedProvencal/Meshes/SM_House_Tower.uexp" 2768
"F:/Study/The-final-game/horror/Content/StylizedProvencal/Meshes/SMF_Forest_Tree03.uasset" 2769
"F:/Study/The-final-game/horror/Content/StylizedProvencal/Meshes/SMF_Forest_Tree03.uexp" 2770
"F:/Study/The-final-game/horror/Content/StylizedProvencal/Maps/LayerInfo/Flowers_LayerInfo.uasset" 2771
"F:/Study/The-final-game/horror/Content/StylizedProvencal/Maps/LayerInfo/Flowers_LayerInfo.uexp" 2772
"F:/Study/The-final-game/horror/Content/enemy1/Brute_PhysicsAsset1.uasset" 2773
"F:/Study/The-final-game/horror/Content/enemy1/Brute_PhysicsAsset1.uexp" 2774
"../../../Engine/Content/EngineResources/LandscapeVisibilityLayerInfo.uasset" 2775
"../../../Engine/Content/EngineResources/LandscapeVisibilityLayerInfo.uexp" 2776
"../../../Engine/Content/VREditor/TransformGizmo/StartRotationHandleIndicator.ubulk" 2777
"../../../Engine/Content/VREditor/TransformGizmo/StartRotationHandleIndicator.uasset" 2778
"../../../Engine/Content/VREditor/TransformGizmo/StartRotationHandleIndicator.uexp" 2779
"../../../Engine/Content/VREditor/Sounds/UI/Drop_Item_From_ContentBrowser.ubulk" 2780
"../../../Engine/Content/VREditor/Sounds/UI/Drop_Item_From_ContentBrowser.uasset" 2781
"../../../Engine/Content/VREditor/Sounds/UI/Drop_Item_From_ContentBrowser.uexp" 2782
"../../../Engine/Content/VREditor/TransformGizmo/PlaneTranslationHandle.ubulk" 2783
"../../../Engine/Content/VREditor/TransformGizmo/PlaneTranslationHandle.uasset" 2784
"../../../Engine/Content/VREditor/TransformGizmo/PlaneTranslationHandle.uexp" 2785
"../../../Engine/Content/VREditor/Sounds/UI/Object_Snaps_To_Grid.ubulk" 2786
"../../../Engine/Content/VREditor/Sounds/UI/Object_Snaps_To_Grid.uasset" 2787
"../../../Engine/Content/VREditor/Sounds/UI/Object_Snaps_To_Grid.uexp" 2788
"../../../Engine/Content/VREditor/Sounds/UI/Selection_Changes.ubulk" 2789
"../../../Engine/Content/VREditor/Sounds/UI/Selection_Changes.uasset" 2790
"../../../Engine/Content/VREditor/Sounds/UI/Selection_Changes.uexp" 2791
"../../../Engine/Content/VREditor/Sounds/UI/Object_Snaps_To_Another_Actor.ubulk" 2792
"../../../Engine/Content/VREditor/Sounds/UI/Object_Snaps_To_Another_Actor.uasset" 2793
"../../../Engine/Content/VREditor/Sounds/UI/Object_Snaps_To_Another_Actor.uexp" 2794
"../../../Engine/Content/VREditor/TransformGizmo/TranslucentTransformGizmoMaterial_Inst.uasset" 2795
"../../../Engine/Content/VREditor/TransformGizmo/TranslucentTransformGizmoMaterial_Inst.uexp" 2796
"../../../Engine/Content/VREditor/TransformGizmo/TransformGizmoFreeRotation.ubulk" 2797
"../../../Engine/Content/VREditor/TransformGizmo/TransformGizmoFreeRotation.uasset" 2798
"../../../Engine/Content/VREditor/TransformGizmo/TransformGizmoFreeRotation.uexp" 2799
"../../../Engine/Content/VREditor/Sounds/UI/Scaling_Down.ubulk" 2800
"../../../Engine/Content/VREditor/Sounds/UI/Scaling_Down.uasset" 2801
"../../../Engine/Content/VREditor/Sounds/UI/Scaling_Down.uexp" 2802
"../../../Engine/Content/Functions/Engine_MaterialFunctions02/SplitComponents.uasset" 2803
"../../../Engine/Content/Functions/Engine_MaterialFunctions02/SplitComponents.uexp" 2804
"../../../Engine/Content/VREditor/SnapGrid/SnapGridMaterial.uasset" 2805
"../../../Engine/Content/VREditor/SnapGrid/SnapGridMaterial.uexp" 2806
"../../../Engine/Content/VREditor/SnapGrid/SnapGridPlaneMesh.ubulk" 2807
"../../../Engine/Content/VREditor/SnapGrid/SnapGridPlaneMesh.uasset" 2808
"../../../Engine/Content/VREditor/SnapGrid/SnapGridPlaneMesh.uexp" 2809
"../../../Engine/Content/VREditor/Sounds/UI/Scaling_Up.ubulk" 2810
"../../../Engine/Content/VREditor/Sounds/UI/Scaling_Up.uasset" 2811
"../../../Engine/Content/VREditor/Sounds/UI/Scaling_Up.uexp" 2812
"../../../Engine/Content/VREditor/TransformGizmo/TransformGizmoMaterial_Inst.uasset" 2813
"../../../Engine/Content/VREditor/TransformGizmo/TransformGizmoMaterial_Inst.uexp" 2814
"../../../Engine/Content/VREditor/Sounds/UI/Gizmo_Handle_Clicked.ubulk" 2815
"../../../Engine/Content/VREditor/Sounds/UI/Gizmo_Handle_Clicked.uasset" 2816
"../../../Engine/Content/VREditor/Sounds/UI/Gizmo_Handle_Clicked.uexp" 2817
"../../../Engine/Content/VREditor/TransformGizmo/RotationHandleQuarter.ubulk" 2818
"../../../Engine/Content/VREditor/TransformGizmo/RotationHandleQuarter.uasset" 2819
"../../../Engine/Content/VREditor/TransformGizmo/RotationHandleQuarter.uexp" 2820
"../../../Engine/Content/VREditor/TransformGizmo/TranslateArrowHandle.ubulk" 2821
"../../../Engine/Content/VREditor/TransformGizmo/TranslateArrowHandle.uasset" 2822
"../../../Engine/Content/VREditor/TransformGizmo/TranslateArrowHandle.uexp" 2823
"../../../Engine/Content/VREditor/TransformGizmo/RotationHandleIndicator.ubulk" 2824
"../../../Engine/Content/VREditor/TransformGizmo/RotationHandleIndicator.uasset" 2825
"../../../Engine/Content/VREditor/TransformGizmo/RotationHandleIndicator.uexp" 2826
"../../../Engine/Content/VREditor/TransformGizmo/UniformScaleHandle.ubulk" 2827
"../../../Engine/Content/VREditor/TransformGizmo/UniformScaleHandle.uasset" 2828
"../../../Engine/Content/VREditor/TransformGizmo/UniformScaleHandle.uexp" 2829
"../../../Engine/Content/VREditor/TransformGizmo/RotationHandleFull.ubulk" 2830
"../../../Engine/Content/VREditor/TransformGizmo/RotationHandleFull.uasset" 2831
"../../../Engine/Content/VREditor/TransformGizmo/RotationHandleFull.uexp" 2832
"../../../Engine/Content/VREditor/Sounds/UI/Object_PickUp.ubulk" 2833
"../../../Engine/Content/VREditor/Sounds/UI/Object_PickUp.uasset" 2834
"../../../Engine/Content/VREditor/Sounds/UI/Object_PickUp.uexp" 2835
"../../../Engine/Plugins/Animation/DeformerGraph/Content/DeformerFunctions/DG_Function_ComputeNormalsTangents.uasset" 2836
"../../../Engine/Plugins/Animation/DeformerGraph/Content/DeformerFunctions/DG_Function_ComputeNormalsTangents.uexp" 2837
"../../../Engine/Plugins/Animation/DeformerGraph/Content/DeformerFunctions/DG_Function_LinearBlendSkin_Morph_Cloth.uasset" 2838
"../../../Engine/Plugins/Animation/DeformerGraph/Content/DeformerFunctions/DG_Function_LinearBlendSkin_Morph_Cloth.uexp" 2839
"../../../Engine/Plugins/Animation/DeformerGraph/Content/DeformerFunctions/DG_Function_LinearBlendSkin_Morph_Cloth_PositionOnly.uasset" 2840
"../../../Engine/Plugins/Animation/DeformerGraph/Content/DeformerFunctions/DG_Function_LinearBlendSkin_Morph_Cloth_PositionOnly.uexp" 2841
"../../../Engine/Plugins/Animation/DeformerGraph/Content/Deformers/DG_LinearBlendSkin_Morph_Cloth.uasset" 2842
"../../../Engine/Plugins/Animation/DeformerGraph/Content/Deformers/DG_LinearBlendSkin_Morph_Cloth.uexp" 2843
"../../../Engine/Plugins/Animation/DeformerGraph/Content/Deformers/DG_LinearBlendSkin_Morph_Cloth_RecomputeNormals.uasset" 2844
"../../../Engine/Plugins/Animation/DeformerGraph/Content/Deformers/DG_LinearBlendSkin_Morph_Cloth_RecomputeNormals.uexp" 2845
"../../../Engine/Plugins/NNE/NNEDenoiser/Content/NNEDT_Oidn2-3_Balanced.uasset" 2846
"../../../Engine/Plugins/NNE/NNEDenoiser/Content/NNEDT_Oidn2-3_Balanced.uexp" 2847
"../../../Engine/Plugins/NNE/NNEDenoiser/Content/NNEDT_Oidn2-3_Balanced_Alpha.uasset" 2848
"../../../Engine/Plugins/NNE/NNEDenoiser/Content/NNEDT_Oidn2-3_Balanced_Alpha.uexp" 2849
"../../../Engine/Plugins/NNE/NNEDenoiser/Content/NNED_Oidn2-3_Balanced.uasset" 2850
"../../../Engine/Plugins/NNE/NNEDenoiser/Content/NNED_Oidn2-3_Balanced.uexp" 2851
"../../../Engine/Plugins/NNE/NNEDenoiser/Content/NNED_Oidn2-3_Balanced_Alpha.uasset" 2852
"../../../Engine/Plugins/NNE/NNEDenoiser/Content/NNED_Oidn2-3_Balanced_Alpha.uexp" 2853
"../../../Engine/Plugins/NNE/NNEDenoiser/Content/NNED_Oidn2-3_Fast.uasset" 2854
"../../../Engine/Plugins/NNE/NNEDenoiser/Content/NNED_Oidn2-3_Fast.uexp" 2855
"../../../Engine/Plugins/NNE/NNEDenoiser/Content/NNED_Oidn2-3_Fast_Alpha.uasset" 2856
"../../../Engine/Plugins/NNE/NNEDenoiser/Content/NNED_Oidn2-3_Fast_Alpha.uexp" 2857
"../../../Engine/Plugins/NNE/NNEDenoiser/Content/NNED_Oidn2-3_HighQuality.uasset" 2858
"../../../Engine/Plugins/NNE/NNEDenoiser/Content/NNED_Oidn2-3_HighQuality.uexp" 2859
"../../../Engine/Plugins/NNE/NNEDenoiser/Content/NNED_Oidn2-3_HighQuality_Alpha.uasset" 2860
"../../../Engine/Plugins/NNE/NNEDenoiser/Content/NNED_Oidn2-3_HighQuality_Alpha.uexp" 2861
"../../../Engine/Plugins/NNE/NNEDenoiser/Content/NNE_oidn2-3-0_rt_hdr_alb_nrm_small__dyn__fp16_opset11_DenoiseAlpha.uasset" 2862
"../../../Engine/Plugins/NNE/NNEDenoiser/Content/NNE_oidn2-3-0_rt_hdr_alb_nrm_small__dyn__fp16_opset11_DenoiseAlpha.uexp" 2863
"../../../Engine/Plugins/NNE/NNEDenoiser/Content/NNE_oidn2-3-0_rt_hdr_alb_nrm_small__dyn__fp16_opset11_ForwardAlpha.uasset" 2864
"../../../Engine/Plugins/NNE/NNEDenoiser/Content/NNE_oidn2-3-0_rt_hdr_alb_nrm_small__dyn__fp16_opset11_ForwardAlpha.uexp" 2865
"../../../Engine/Plugins/NNE/NNEDenoiser/Content/NNE_oidn2-3-0_rt_hdr_alb_nrm__dyn__fp16_opset11_DenoiseAlpha.uasset" 2866
"../../../Engine/Plugins/NNE/NNEDenoiser/Content/NNE_oidn2-3-0_rt_hdr_alb_nrm__dyn__fp16_opset11_DenoiseAlpha.uexp" 2867
"../../../Engine/Plugins/NNE/NNEDenoiser/Content/NNE_oidn2-3-0_rt_hdr_alb_nrm__dyn__fp16_opset11_ForwardAlpha.uasset" 2868
"../../../Engine/Plugins/NNE/NNEDenoiser/Content/NNE_oidn2-3-0_rt_hdr_alb_nrm__dyn__fp16_opset11_ForwardAlpha.uexp" 2869
"../../../Engine/Plugins/NNE/NNEDenoiser/Content/NNE_oidn2-3-0_rt_hdr_calb_cnrm_large__dyn__fp16_opset11_DenoiseAlpha.uasset" 2870
"../../../Engine/Plugins/NNE/NNEDenoiser/Content/NNE_oidn2-3-0_rt_hdr_calb_cnrm_large__dyn__fp16_opset11_DenoiseAlpha.uexp" 2871
"../../../Engine/Plugins/NNE/NNEDenoiser/Content/NNE_oidn2-3-0_rt_hdr_calb_cnrm_large__dyn__fp16_opset11_ForwardAlpha.uasset" 2872
"../../../Engine/Plugins/NNE/NNEDenoiser/Content/NNE_oidn2-3-0_rt_hdr_calb_cnrm_large__dyn__fp16_opset11_ForwardAlpha.uexp" 2873
"../../../Engine/Content/EngineSky/C_Sky_Horizon_Color.uasset" 2874
"../../../Engine/Content/EngineSky/C_Sky_Horizon_Color.uexp" 2875
"../../../Engine/Content/EngineSky/T_Sky_Stars.ubulk" 2876
"../../../Engine/Content/EngineSky/T_Sky_Stars.uasset" 2877
"../../../Engine/Content/EngineSky/T_Sky_Stars.uexp" 2878
"../../../Engine/Content/EngineSky/T_Sky_Clouds_M.ubulk" 2879
"../../../Engine/Content/EngineSky/T_Sky_Clouds_M.uasset" 2880
"../../../Engine/Content/EngineSky/T_Sky_Clouds_M.uexp" 2881
"../../../Engine/Content/EngineSky/T_Sky_Blue.ubulk" 2882
"../../../Engine/Content/EngineSky/T_Sky_Blue.uasset" 2883
"../../../Engine/Content/EngineSky/T_Sky_Blue.uexp" 2884
"../../../Engine/Content/EngineSky/M_Sky_Panning_Clouds2.uasset" 2885
"../../../Engine/Content/EngineSky/M_Sky_Panning_Clouds2.uexp" 2886
"../../../Engine/Content/EngineSky/SM_SkySphere.ubulk" 2887
"../../../Engine/Content/EngineSky/SM_SkySphere.uasset" 2888
"../../../Engine/Content/EngineSky/SM_SkySphere.uexp" 2889
"../../../Engine/Content/EngineSky/C_Sky_Cloud_Color.uasset" 2890
"../../../Engine/Content/EngineSky/C_Sky_Cloud_Color.uexp" 2891
"../../../Engine/Content/EngineSky/C_Sky_Zenith_Color.uasset" 2892
"../../../Engine/Content/EngineSky/C_Sky_Zenith_Color.uexp" 2893
"../../../Engine/Content/EngineSky/BP_Sky_Sphere.uasset" 2894
"../../../Engine/Content/EngineSky/BP_Sky_Sphere.uexp" 2895
"F:/Study/The-final-game/horror/Content/level/GM_game.uasset" 2896
"F:/Study/The-final-game/horror/Content/level/GM_game.uexp" 2897
"F:/Study/The-final-game/horror/Content/level/NewMap.uexp" 2898
"F:/Study/The-final-game/horror/Content/level/NewMap.ubulk" 2899
"F:/Study/The-final-game/horror/Content/level/NewMap.umap" 2900
"F:/Study/The-final-game/horror/Content/level/NewMap_HLOD0_Instancing.uasset" 2901
"F:/Study/The-final-game/horror/Content/level/NewMap_HLOD0_Instancing.uexp" 2902
"F:/Study/The-final-game/horror/Content/level/MainMenu/MainMenuGameMode.uasset" 2903
"F:/Study/The-final-game/horror/Content/level/MainMenu/MainMenuGameMode.uexp" 2904
"F:/Study/The-final-game/horror/Content/level/MainMenu.uexp" 2905
"F:/Study/The-final-game/horror/Content/level/MainMenu.ubulk" 2906
"F:/Study/The-final-game/horror/Content/level/MainMenu.umap" 2907
"F:/Study/The-final-game/horror/Content/StylizedProvencal/Meshes/SM_Rock_Small_01.ubulk" 2908
"F:/Study/The-final-game/horror/Content/StylizedProvencal/Meshes/SM_Rock_Small_01.uasset" 2909
"F:/Study/The-final-game/horror/Content/StylizedProvencal/Meshes/SM_Rock_Small_01.uexp" 2910
"F:/Study/The-final-game/horror/Content/StylizedProvencal/Meshes/SM_Vines_Group_02_b.ubulk" 2911
"F:/Study/The-final-game/horror/Content/StylizedProvencal/Meshes/SM_Vines_Group_02_b.uasset" 2912
"F:/Study/The-final-game/horror/Content/StylizedProvencal/Meshes/SM_Vines_Group_02_b.uexp" 2913
"F:/Study/The-final-game/horror/Content/StylizedProvencal/Meshes/SM_Vines_Group_03_b.ubulk" 2914
"F:/Study/The-final-game/horror/Content/StylizedProvencal/Meshes/SM_Vines_Group_03_b.uasset" 2915
"F:/Study/The-final-game/horror/Content/StylizedProvencal/Meshes/SM_Vines_Group_03_b.uexp" 2916
"F:/Study/The-final-game/horror/Content/StylizedProvencal/Blueprints/BP_Walls.uasset" 2917
"F:/Study/The-final-game/horror/Content/StylizedProvencal/Blueprints/BP_Walls.uexp" 2918
"F:/Study/The-final-game/horror/Content/StylizedProvencal/Textures/T_Dirt_A0RM.ubulk" 2919
"F:/Study/The-final-game/horror/Content/StylizedProvencal/Textures/T_Dirt_A0RM.uasset" 2920
"F:/Study/The-final-game/horror/Content/StylizedProvencal/Textures/T_Dirt_A0RM.uexp" 2921
"F:/Study/The-final-game/horror/Content/StylizedProvencal/Meshes/SM_Rock_Cliff_02.ubulk" 2922
"F:/Study/The-final-game/horror/Content/StylizedProvencal/Meshes/SM_Rock_Cliff_02.uasset" 2923
"F:/Study/The-final-game/horror/Content/StylizedProvencal/Meshes/SM_Rock_Cliff_02.uexp" 2924
"F:/Study/The-final-game/horror/Content/StylizedProvencal/Textures/T_Barrel_Jar_N.ubulk" 2925
"F:/Study/The-final-game/horror/Content/StylizedProvencal/Textures/T_Barrel_Jar_N.uasset" 2926
"F:/Study/The-final-game/horror/Content/StylizedProvencal/Textures/T_Barrel_Jar_N.uexp" 2927
"F:/Study/The-final-game/horror/Content/StylizedProvencal/Textures/T_Barrel_Jar_AORM.ubulk" 2928
"F:/Study/The-final-game/horror/Content/StylizedProvencal/Textures/T_Barrel_Jar_AORM.uasset" 2929
"F:/Study/The-final-game/horror/Content/StylizedProvencal/Textures/T_Barrel_Jar_AORM.uexp" 2930
"F:/Study/The-final-game/horror/Content/StylizedProvencal/Textures/T_Barrel_Jar_B.ubulk" 2931
"F:/Study/The-final-game/horror/Content/StylizedProvencal/Textures/T_Barrel_Jar_B.uasset" 2932
"F:/Study/The-final-game/horror/Content/StylizedProvencal/Textures/T_Barrel_Jar_B.uexp" 2933
"F:/Study/The-final-game/horror/Content/StylizedProvencal/Materials/MI_Barrel_Jars.uasset" 2934
"F:/Study/The-final-game/horror/Content/StylizedProvencal/Materials/MI_Barrel_Jars.uexp" 2935
"F:/Study/The-final-game/horror/Content/StylizedProvencal/Meshes/SM_Barrel_Top.ubulk" 2936
"F:/Study/The-final-game/horror/Content/StylizedProvencal/Meshes/SM_Barrel_Top.uasset" 2937
"F:/Study/The-final-game/horror/Content/StylizedProvencal/Meshes/SM_Barrel_Top.uexp" 2938
"F:/Study/The-final-game/horror/Content/StylizedProvencal/Materials/MI_Grass_b.uasset" 2939
"F:/Study/The-final-game/horror/Content/StylizedProvencal/Materials/MI_Grass_b.uexp" 2940
"F:/Study/The-final-game/horror/Content/StylizedProvencal/Meshes/SM_GrassField_02_b.ubulk" 2941
"F:/Study/The-final-game/horror/Content/StylizedProvencal/Meshes/SM_GrassField_02_b.uasset" 2942
"F:/Study/The-final-game/horror/Content/StylizedProvencal/Meshes/SM_GrassField_02_b.uexp" 2943
"F:/Study/The-final-game/horror/Content/StylizedProvencal/Meshes/SM_Grass_Small_02_a.ubulk" 2944
"F:/Study/The-final-game/horror/Content/StylizedProvencal/Meshes/SM_Grass_Small_02_a.uasset" 2945
"F:/Study/The-final-game/horror/Content/StylizedProvencal/Meshes/SM_Grass_Small_02_a.uexp" 2946
"F:/Study/The-final-game/horror/Content/StylizedProvencal/Meshes/SMF_Grass_Small_02_a.uasset" 2947
"F:/Study/The-final-game/horror/Content/StylizedProvencal/Meshes/SMF_Grass_Small_02_a.uexp" 2948
"F:/Study/The-final-game/horror/Content/StylizedProvencal/Meshes/SM_Bush_04.ubulk" 2949
"F:/Study/The-final-game/horror/Content/StylizedProvencal/Meshes/SM_Bush_04.uasset" 2950
"F:/Study/The-final-game/horror/Content/StylizedProvencal/Meshes/SM_Bush_04.uexp" 2951
"F:/Study/The-final-game/horror/Content/StylizedProvencal/Maps/LayerInfo/Grass_LayerInfo.uasset" 2952
"F:/Study/The-final-game/horror/Content/StylizedProvencal/Maps/LayerInfo/Grass_LayerInfo.uexp" 2953
"F:/Study/The-final-game/horror/Content/StylizedProvencal/Blueprints/BP_Windmill.uasset" 2954
"F:/Study/The-final-game/horror/Content/StylizedProvencal/Blueprints/BP_Windmill.uexp" 2955
"F:/Study/The-final-game/horror/Content/StylizedProvencal/Meshes/SM_RockBrick_Small_03.ubulk" 2956
"F:/Study/The-final-game/horror/Content/StylizedProvencal/Meshes/SM_RockBrick_Small_03.uasset" 2957
"F:/Study/The-final-game/horror/Content/StylizedProvencal/Meshes/SM_RockBrick_Small_03.uexp" 2958
"F:/Study/The-final-game/horror/Content/StylizedProvencal/Meshes/SM_WoodenPlank_02.ubulk" 2959
"F:/Study/The-final-game/horror/Content/StylizedProvencal/Meshes/SM_WoodenPlank_02.uasset" 2960
"F:/Study/The-final-game/horror/Content/StylizedProvencal/Meshes/SM_WoodenPlank_02.uexp" 2961
"F:/Study/The-final-game/horror/Content/StylizedProvencal/Meshes/SM_Bush_01.ubulk" 2962
"F:/Study/The-final-game/horror/Content/StylizedProvencal/Meshes/SM_Bush_01.uasset" 2963
"F:/Study/The-final-game/horror/Content/StylizedProvencal/Meshes/SM_Bush_01.uexp" 2964
"F:/Study/The-final-game/horror/Content/StylizedProvencal/Meshes/SMF_Forest_Bush_2.uasset" 2965
"F:/Study/The-final-game/horror/Content/StylizedProvencal/Meshes/SMF_Forest_Bush_2.uexp" 2966
"F:/Study/The-final-game/horror/Content/StylizedProvencal/Meshes/SMF_Forest_Bush_3.uasset" 2967
"F:/Study/The-final-game/horror/Content/StylizedProvencal/Meshes/SMF_Forest_Bush_3.uexp" 2968
"F:/Study/The-final-game/horror/Content/StylizedProvencal/Materials/MI_Flora_02_TwoSided.uasset" 2969
"F:/Study/The-final-game/horror/Content/StylizedProvencal/Materials/MI_Flora_02_TwoSided.uexp" 2970
"F:/Study/The-final-game/horror/Content/StylizedProvencal/Meshes/SM_Bush_03.ubulk" 2971
"F:/Study/The-final-game/horror/Content/StylizedProvencal/Meshes/SM_Bush_03.uasset" 2972
"F:/Study/The-final-game/horror/Content/StylizedProvencal/Meshes/SM_Bush_03.uexp" 2973
"F:/Study/The-final-game/horror/Content/StylizedProvencal/Meshes/SMF_Forest_Bush_4.uasset" 2974
"F:/Study/The-final-game/horror/Content/StylizedProvencal/Meshes/SMF_Forest_Bush_4.uexp" 2975
"F:/Study/The-final-game/horror/Content/StylizedProvencal/Meshes/SMF_Forest_Rock_4.uasset" 2976
"F:/Study/The-final-game/horror/Content/StylizedProvencal/Meshes/SMF_Forest_Rock_4.uexp" 2977
"F:/Study/The-final-game/horror/Content/StylizedProvencal/Materials/MI_Flora_02_TwoSided_2_Field.uasset" 2978
"F:/Study/The-final-game/horror/Content/StylizedProvencal/Materials/MI_Flora_02_TwoSided_2_Field.uexp" 2979
"F:/Study/The-final-game/horror/Content/StylizedProvencal/Meshes/SMF_Forest_Tree02.uasset" 2980
"F:/Study/The-final-game/horror/Content/StylizedProvencal/Meshes/SMF_Forest_Tree02.uexp" 2981
"F:/Study/The-final-game/horror/Content/StylizedProvencal/Materials/MI_Tree_Flora_04.uasset" 2982
"F:/Study/The-final-game/horror/Content/StylizedProvencal/Materials/MI_Tree_Flora_04.uexp" 2983
"F:/Study/The-final-game/horror/Content/StylizedProvencal/Meshes/SMF_Forest_Tree04.uasset" 2984
"F:/Study/The-final-game/horror/Content/StylizedProvencal/Meshes/SMF_Forest_Tree04.uexp" 2985
"F:/Study/The-final-game/horror/Content/StylizedProvencal/Meshes/SMF_Forest_Tree05.uasset" 2986
"F:/Study/The-final-game/horror/Content/StylizedProvencal/Meshes/SMF_Forest_Tree05.uexp" 2987
"F:/Study/The-final-game/horror/Content/StylizedProvencal/Materials/FTS_ForestSpawner.uasset" 2988
"F:/Study/The-final-game/horror/Content/StylizedProvencal/Materials/FTS_ForestSpawner.uexp" 2989
"F:/Study/The-final-game/horror/Content/StylizedProvencal/Meshes/SM_Flower_01_b.ubulk" 2990
"F:/Study/The-final-game/horror/Content/StylizedProvencal/Meshes/SM_Flower_01_b.uasset" 2991
"F:/Study/The-final-game/horror/Content/StylizedProvencal/Meshes/SM_Flower_01_b.uexp" 2992
"F:/Study/The-final-game/horror/Content/StylizedProvencal/Meshes/SM_Flower_03_b.ubulk" 2993
"F:/Study/The-final-game/horror/Content/StylizedProvencal/Meshes/SM_Flower_03_b.uasset" 2994
"F:/Study/The-final-game/horror/Content/StylizedProvencal/Meshes/SM_Flower_03_b.uexp" 2995
"F:/Study/The-final-game/horror/Content/StylizedProvencal/Meshes/SM_Flower_03_a.ubulk" 2996
"F:/Study/The-final-game/horror/Content/StylizedProvencal/Meshes/SM_Flower_03_a.uasset" 2997
"F:/Study/The-final-game/horror/Content/StylizedProvencal/Meshes/SM_Flower_03_a.uexp" 2998
"F:/Study/The-final-game/horror/Content/StylizedProvencal/Meshes/SM_Flower_02_a.ubulk" 2999
"F:/Study/The-final-game/horror/Content/StylizedProvencal/Meshes/SM_Flower_02_a.uasset" 3000
"F:/Study/The-final-game/horror/Content/StylizedProvencal/Meshes/SM_Flower_02_a.uexp" 3001
"F:/Study/The-final-game/horror/Content/StylizedProvencal/Meshes/SM_Bush_02.ubulk" 3002
"F:/Study/The-final-game/horror/Content/StylizedProvencal/Meshes/SM_Bush_02.uasset" 3003
"F:/Study/The-final-game/horror/Content/StylizedProvencal/Meshes/SM_Bush_02.uexp" 3004
"F:/Study/The-final-game/horror/Content/StylizedProvencal/Meshes/SM_Flower_02_c.ubulk" 3005
"F:/Study/The-final-game/horror/Content/StylizedProvencal/Meshes/SM_Flower_02_c.uasset" 3006
"F:/Study/The-final-game/horror/Content/StylizedProvencal/Meshes/SM_Flower_02_c.uexp" 3007
"F:/Study/The-final-game/horror/Content/StylizedProvencal/Meshes/SM_Flower_01_a.ubulk" 3008
"F:/Study/The-final-game/horror/Content/StylizedProvencal/Meshes/SM_Flower_01_a.uasset" 3009
"F:/Study/The-final-game/horror/Content/StylizedProvencal/Meshes/SM_Flower_01_a.uexp" 3010
"F:/Study/The-final-game/horror/Content/StylizedProvencal/Meshes/SM_Flower_01_c.ubulk" 3011
"F:/Study/The-final-game/horror/Content/StylizedProvencal/Meshes/SM_Flower_01_c.uasset" 3012
"F:/Study/The-final-game/horror/Content/StylizedProvencal/Meshes/SM_Flower_01_c.uexp" 3013
"F:/Study/The-final-game/horror/Content/StylizedProvencal/Meshes/SM_GrassField_02_a.ubulk" 3014
"F:/Study/The-final-game/horror/Content/StylizedProvencal/Meshes/SM_GrassField_02_a.uasset" 3015
"F:/Study/The-final-game/horror/Content/StylizedProvencal/Meshes/SM_GrassField_02_a.uexp" 3016
"F:/Study/The-final-game/horror/Content/StylizedProvencal/Materials/Landscape/ML_Flowers_Full.uasset" 3017
"F:/Study/The-final-game/horror/Content/StylizedProvencal/Materials/Landscape/ML_Flowers_Full.uexp" 3018
"F:/Study/The-final-game/horror/Content/StylizedProvencal/Materials/MI_House_Decals.uasset" 3019
"F:/Study/The-final-game/horror/Content/StylizedProvencal/Materials/MI_House_Decals.uexp" 3020
"F:/Study/The-final-game/horror/Content/StylizedProvencal/Meshes/SM_House_01.ubulk" 3021
"F:/Study/The-final-game/horror/Content/StylizedProvencal/Meshes/SM_House_01.uasset" 3022
"F:/Study/The-final-game/horror/Content/StylizedProvencal/Meshes/SM_House_01.uexp" 3023
"F:/Study/The-final-game/horror/Content/StylizedProvencal/Meshes/SM_RockBrick_Small_01.ubulk" 3024
"F:/Study/The-final-game/horror/Content/StylizedProvencal/Meshes/SM_RockBrick_Small_01.uasset" 3025
"F:/Study/The-final-game/horror/Content/StylizedProvencal/Meshes/SM_RockBrick_Small_01.uexp" 3026
"F:/Study/The-final-game/horror/Content/StylizedProvencal/Meshes/SM_RockBrick_Small_02.ubulk" 3027
"F:/Study/The-final-game/horror/Content/StylizedProvencal/Meshes/SM_RockBrick_Small_02.uasset" 3028
"F:/Study/The-final-game/horror/Content/StylizedProvencal/Meshes/SM_RockBrick_Small_02.uexp" 3029
"F:/Study/The-final-game/horror/Content/StylizedProvencal/Meshes/SM_RockBrick_Medium_01.ubulk" 3030
"F:/Study/The-final-game/horror/Content/StylizedProvencal/Meshes/SM_RockBrick_Medium_01.uasset" 3031
"F:/Study/The-final-game/horror/Content/StylizedProvencal/Meshes/SM_RockBrick_Medium_01.uexp" 3032
"F:/Study/The-final-game/horror/Content/StylizedProvencal/Blueprints/BP_Ground_Bricks.uasset" 3033
"F:/Study/The-final-game/horror/Content/StylizedProvencal/Blueprints/BP_Ground_Bricks.uexp" 3034
"F:/Study/The-final-game/horror/Content/StylizedProvencal/Blueprints/BP_WaterMill_Wheel.uasset" 3035
"F:/Study/The-final-game/horror/Content/StylizedProvencal/Blueprints/BP_WaterMill_Wheel.uexp" 3036
"F:/Study/The-final-game/horror/Content/StylizedProvencal/Meshes/SM_WoodenBeam_05.ubulk" 3037
"F:/Study/The-final-game/horror/Content/StylizedProvencal/Meshes/SM_WoodenBeam_05.uasset" 3038
"F:/Study/The-final-game/horror/Content/StylizedProvencal/Meshes/SM_WoodenBeam_05.uexp" 3039
"F:/Study/The-final-game/horror/Content/StylizedProvencal/Meshes/SM_Barrel.ubulk" 3040
"F:/Study/The-final-game/horror/Content/StylizedProvencal/Meshes/SM_Barrel.uasset" 3041
"F:/Study/The-final-game/horror/Content/StylizedProvencal/Meshes/SM_Barrel.uexp" 3042
"F:/Study/The-final-game/horror/Content/StylizedProvencal/Meshes/SM_WoodenBeam_03.ubulk" 3043
"F:/Study/The-final-game/horror/Content/StylizedProvencal/Meshes/SM_WoodenBeam_03.uasset" 3044
"F:/Study/The-final-game/horror/Content/StylizedProvencal/Meshes/SM_WoodenBeam_03.uexp" 3045
"F:/Study/The-final-game/horror/Content/StylizedProvencal/Meshes/SM_Vines_Group_04_b.ubulk" 3046
"F:/Study/The-final-game/horror/Content/StylizedProvencal/Meshes/SM_Vines_Group_04_b.uasset" 3047
"F:/Study/The-final-game/horror/Content/StylizedProvencal/Meshes/SM_Vines_Group_04_b.uexp" 3048
"F:/Study/The-final-game/horror/Content/StylizedProvencal/Materials/MM_PP_ToonShading.uasset" 3049
"F:/Study/The-final-game/horror/Content/StylizedProvencal/Materials/MM_PP_ToonShading.uexp" 3050
"F:/Study/The-final-game/horror/Content/StylizedProvencal/Materials/MI_PP_ToonShading.uasset" 3051
"F:/Study/The-final-game/horror/Content/StylizedProvencal/Materials/MI_PP_ToonShading.uexp" 3052
"F:/Study/The-final-game/horror/Content/StylizedProvencal/Textures/T_Flower_Pot_B.ubulk" 3053
"F:/Study/The-final-game/horror/Content/StylizedProvencal/Textures/T_Flower_Pot_B.uasset" 3054
"F:/Study/The-final-game/horror/Content/StylizedProvencal/Textures/T_Flower_Pot_B.uexp" 3055
"F:/Study/The-final-game/horror/Content/StylizedProvencal/Textures/T_Flower_Pot_N.ubulk" 3056
"F:/Study/The-final-game/horror/Content/StylizedProvencal/Textures/T_Flower_Pot_N.uasset" 3057
"F:/Study/The-final-game/horror/Content/StylizedProvencal/Textures/T_Flower_Pot_N.uexp" 3058
"F:/Study/The-final-game/horror/Content/StylizedProvencal/Textures/T_Flower_Pot_AORM.ubulk" 3059
"F:/Study/The-final-game/horror/Content/StylizedProvencal/Textures/T_Flower_Pot_AORM.uasset" 3060
"F:/Study/The-final-game/horror/Content/StylizedProvencal/Textures/T_Flower_Pot_AORM.uexp" 3061
"F:/Study/The-final-game/horror/Content/StylizedProvencal/Materials/MI_Flower_Pot.uasset" 3062
"F:/Study/The-final-game/horror/Content/StylizedProvencal/Materials/MI_Flower_Pot.uexp" 3063
"F:/Study/The-final-game/horror/Content/StylizedProvencal/Meshes/SM_Flower_Pot.ubulk" 3064
"F:/Study/The-final-game/horror/Content/StylizedProvencal/Meshes/SM_Flower_Pot.uasset" 3065
"F:/Study/The-final-game/horror/Content/StylizedProvencal/Meshes/SM_Flower_Pot.uexp" 3066
"F:/Study/The-final-game/horror/Content/StylizedProvencal/Blueprints/BP_PRE_Flower_Pot_01.uasset" 3067
"F:/Study/The-final-game/horror/Content/StylizedProvencal/Blueprints/BP_PRE_Flower_Pot_01.uexp" 3068
"F:/Study/The-final-game/horror/Content/StylizedProvencal/Blueprints/BP_PRE_Flower_Pot_3.uasset" 3069
"F:/Study/The-final-game/horror/Content/StylizedProvencal/Blueprints/BP_PRE_Flower_Pot_3.uexp" 3070
"F:/Study/The-final-game/horror/Content/StylizedProvencal/Blueprints/BP_PRE_Flower_Pot_4.uasset" 3071
"F:/Study/The-final-game/horror/Content/StylizedProvencal/Blueprints/BP_PRE_Flower_Pot_4.uexp" 3072
"F:/Study/The-final-game/horror/Content/StylizedProvencal/Textures/T_Crates_AORM.ubulk" 3073
"F:/Study/The-final-game/horror/Content/StylizedProvencal/Textures/T_Crates_AORM.uasset" 3074
"F:/Study/The-final-game/horror/Content/StylizedProvencal/Textures/T_Crates_AORM.uexp" 3075
"F:/Study/The-final-game/horror/Content/StylizedProvencal/Textures/T_Crates_N.ubulk" 3076
"F:/Study/The-final-game/horror/Content/StylizedProvencal/Textures/T_Crates_N.uasset" 3077
"F:/Study/The-final-game/horror/Content/StylizedProvencal/Textures/T_Crates_N.uexp" 3078
"F:/Study/The-final-game/horror/Content/StylizedProvencal/Textures/T_Crates_B.ubulk" 3079
"F:/Study/The-final-game/horror/Content/StylizedProvencal/Textures/T_Crates_B.uasset" 3080
"F:/Study/The-final-game/horror/Content/StylizedProvencal/Textures/T_Crates_B.uexp" 3081
"F:/Study/The-final-game/horror/Content/StylizedProvencal/Materials/MI_Crates.uasset" 3082
"F:/Study/The-final-game/horror/Content/StylizedProvencal/Materials/MI_Crates.uexp" 3083
"F:/Study/The-final-game/horror/Content/StylizedProvencal/Meshes/SM_Crate_02.ubulk" 3084
"F:/Study/The-final-game/horror/Content/StylizedProvencal/Meshes/SM_Crate_02.uasset" 3085
"F:/Study/The-final-game/horror/Content/StylizedProvencal/Meshes/SM_Crate_02.uexp" 3086
"F:/Study/The-final-game/horror/Content/StylizedProvencal/Textures/T_Default_AORM.ubulk" 3087
"F:/Study/The-final-game/horror/Content/StylizedProvencal/Textures/T_Default_AORM.uasset" 3088
"F:/Study/The-final-game/horror/Content/StylizedProvencal/Textures/T_Default_AORM.uexp" 3089
"F:/Study/The-final-game/horror/Content/StylizedProvencal/Textures/T_Grid02.ubulk" 3090
"F:/Study/The-final-game/horror/Content/StylizedProvencal/Textures/T_Grid02.uasset" 3091
"F:/Study/The-final-game/horror/Content/StylizedProvencal/Textures/T_Grid02.uexp" 3092
"F:/Study/The-final-game/horror/Content/StylizedProvencal/Materials/Landscape/MF_Layer_Grass.uasset" 3093
"F:/Study/The-final-game/horror/Content/StylizedProvencal/Materials/Landscape/MF_Layer_Grass.uexp" 3094
"F:/Study/The-final-game/horror/Content/StylizedProvencal/Textures/T_Dirt_M.ubulk" 3095
"F:/Study/The-final-game/horror/Content/StylizedProvencal/Textures/T_Dirt_M.uasset" 3096
"F:/Study/The-final-game/horror/Content/StylizedProvencal/Textures/T_Dirt_M.uexp" 3097
"F:/Study/The-final-game/horror/Content/StylizedProvencal/Materials/Landscape/MF_Layer_Blank.uasset" 3098
"F:/Study/The-final-game/horror/Content/StylizedProvencal/Materials/Landscape/MF_Layer_Blank.uexp" 3099
"F:/Study/The-final-game/horror/Content/StylizedProvencal/Materials/Landscape/MF_Layer_Dirt.uasset" 3100
"F:/Study/The-final-game/horror/Content/StylizedProvencal/Materials/Landscape/MF_Layer_Dirt.uexp" 3101
"F:/Study/The-final-game/horror/Content/StylizedProvencal/Materials/Landscape/ML_Grass.uasset" 3102
"F:/Study/The-final-game/horror/Content/StylizedProvencal/Materials/Landscape/ML_Grass.uexp" 3103
"F:/Study/The-final-game/horror/Content/StylizedProvencal/Materials/Landscape/ML_Flowers_Light.uasset" 3104
"F:/Study/The-final-game/horror/Content/StylizedProvencal/Materials/Landscape/ML_Flowers_Light.uexp" 3105
"F:/Study/The-final-game/horror/Content/StylizedProvencal/Materials/Landscape/mM_Landscape.uasset" 3106
"F:/Study/The-final-game/horror/Content/StylizedProvencal/Materials/Landscape/mM_Landscape.uexp" 3107
"F:/Study/The-final-game/horror/Content/StylizedProvencal/Textures/T_Default_N.ubulk" 3108
"F:/Study/The-final-game/horror/Content/StylizedProvencal/Textures/T_Default_N.uasset" 3109
"F:/Study/The-final-game/horror/Content/StylizedProvencal/Textures/T_Default_N.uexp" 3110
"F:/Study/The-final-game/horror/Content/StylizedProvencal/Materials/Landscape/MI_Landscape.uasset" 3111
"F:/Study/The-final-game/horror/Content/StylizedProvencal/Materials/Landscape/MI_Landscape.uexp" 3112
"F:/Study/The-final-game/horror/Content/StylizedProvencal/Materials/MI_Ground_VertexPaint.uasset" 3113
"F:/Study/The-final-game/horror/Content/StylizedProvencal/Materials/MI_Ground_VertexPaint.uexp" 3114
"F:/Study/The-final-game/horror/Content/StylizedProvencal/Meshes/SM_Tunnel.ubulk" 3115
"F:/Study/The-final-game/horror/Content/StylizedProvencal/Meshes/SM_Tunnel.uasset" 3116
"F:/Study/The-final-game/horror/Content/StylizedProvencal/Meshes/SM_Tunnel.uexp" 3117
"F:/Study/The-final-game/horror/Content/StylizedProvencal/Meshes/SM_Jar_02.ubulk" 3118
"F:/Study/The-final-game/horror/Content/StylizedProvencal/Meshes/SM_Jar_02.uasset" 3119
"F:/Study/The-final-game/horror/Content/StylizedProvencal/Meshes/SM_Jar_02.uexp" 3120
"F:/Study/The-final-game/horror/Content/StylizedProvencal/Textures/T_Water_02_N.ubulk" 3121
"F:/Study/The-final-game/horror/Content/StylizedProvencal/Textures/T_Water_02_N.uasset" 3122
"F:/Study/The-final-game/horror/Content/StylizedProvencal/Textures/T_Water_02_N.uexp" 3123
"../../../Engine/Content/Functions/Engine_MaterialFunctions02/Utility/DebugFloat3Values.uasset" 3124
"../../../Engine/Content/Functions/Engine_MaterialFunctions02/Utility/DebugFloat3Values.uexp" 3125
"F:/Study/The-final-game/horror/Content/StylizedProvencal/Textures/T_Fire_Distortion_M.ubulk" 3126
"F:/Study/The-final-game/horror/Content/StylizedProvencal/Textures/T_Fire_Distortion_M.uasset" 3127
"F:/Study/The-final-game/horror/Content/StylizedProvencal/Textures/T_Fire_Distortion_M.uexp" 3128
"../../../Engine/Content/Functions/Engine_MaterialFunctions02/Math/DeriveNormalZ_Function.uasset" 3129
"../../../Engine/Content/Functions/Engine_MaterialFunctions02/Math/DeriveNormalZ_Function.uexp" 3130
"F:/Study/The-final-game/horror/Content/StylizedProvencal/Materials/MM_Water_Master.uasset" 3131
"F:/Study/The-final-game/horror/Content/StylizedProvencal/Materials/MM_Water_Master.uexp" 3132
"F:/Study/The-final-game/horror/Content/StylizedProvencal/Materials/MI_Water_01.uasset" 3133
"F:/Study/The-final-game/horror/Content/StylizedProvencal/Materials/MI_Water_01.uexp" 3134
"F:/Study/The-final-game/horror/Content/StylizedProvencal/Meshes/SM_RiverPlane.ubulk" 3135
"F:/Study/The-final-game/horror/Content/StylizedProvencal/Meshes/SM_RiverPlane.uasset" 3136
"F:/Study/The-final-game/horror/Content/StylizedProvencal/Meshes/SM_RiverPlane.uexp" 3137
"F:/Study/The-final-game/horror/Content/StylizedProvencal/Blueprints/BP_RiverSpline.uasset" 3138
"F:/Study/The-final-game/horror/Content/StylizedProvencal/Blueprints/BP_RiverSpline.uexp" 3139
"F:/Study/The-final-game/horror/Content/StylizedProvencal/Meshes/SM_Jar_01.ubulk" 3140
"F:/Study/The-final-game/horror/Content/StylizedProvencal/Meshes/SM_Jar_01.uasset" 3141
"F:/Study/The-final-game/horror/Content/StylizedProvencal/Meshes/SM_Jar_01.uexp" 3142
"F:/Study/The-final-game/horror/Content/StylizedProvencal/Meshes/SM_Barrel_Open.ubulk" 3143
"F:/Study/The-final-game/horror/Content/StylizedProvencal/Meshes/SM_Barrel_Open.uasset" 3144
"F:/Study/The-final-game/horror/Content/StylizedProvencal/Meshes/SM_Barrel_Open.uexp" 3145
"F:/Study/The-final-game/horror/Content/StylizedProvencal/Meshes/SM_Rock_Small_02.ubulk" 3146
"F:/Study/The-final-game/horror/Content/StylizedProvencal/Meshes/SM_Rock_Small_02.uasset" 3147
"F:/Study/The-final-game/horror/Content/StylizedProvencal/Meshes/SM_Rock_Small_02.uexp" 3148
"F:/Study/The-final-game/horror/Content/StylizedProvencal/Meshes/SM_Vine_01.ubulk" 3149
"F:/Study/The-final-game/horror/Content/StylizedProvencal/Meshes/SM_Vine_01.uasset" 3150
"F:/Study/The-final-game/horror/Content/StylizedProvencal/Meshes/SM_Vine_01.uexp" 3151
"F:/Study/The-final-game/horror/Content/StylizedProvencal/Meshes/SM_WindTrail.ubulk" 3152
"F:/Study/The-final-game/horror/Content/StylizedProvencal/Meshes/SM_WindTrail.uasset" 3153
"F:/Study/The-final-game/horror/Content/StylizedProvencal/Meshes/SM_WindTrail.uexp" 3154
"F:/Study/The-final-game/horror/Content/StylizedProvencal/Meshes/SM_WindTrail_02.ubulk" 3155
"F:/Study/The-final-game/horror/Content/StylizedProvencal/Meshes/SM_WindTrail_02.uasset" 3156
"F:/Study/The-final-game/horror/Content/StylizedProvencal/Meshes/SM_WindTrail_02.uexp" 3157
"F:/Study/The-final-game/horror/Content/StylizedProvencal/Particles/P_Windtrail.uasset" 3158
"F:/Study/The-final-game/horror/Content/StylizedProvencal/Particles/P_Windtrail.uexp" 3159
"F:/Study/The-final-game/horror/Content/StylizedProvencal/Materials/MM_PP_Sharpen.uasset" 3160
"F:/Study/The-final-game/horror/Content/StylizedProvencal/Materials/MM_PP_Sharpen.uexp" 3161
"F:/Study/The-final-game/horror/Content/StylizedProvencal/Textures/T_Rock_Walls_N.ubulk" 3162
"F:/Study/The-final-game/horror/Content/StylizedProvencal/Textures/T_Rock_Walls_N.uasset" 3163
"F:/Study/The-final-game/horror/Content/StylizedProvencal/Textures/T_Rock_Walls_N.uexp" 3164
"F:/Study/The-final-game/horror/Content/StylizedProvencal/Textures/T_Rock_Walls_B.ubulk" 3165
"F:/Study/The-final-game/horror/Content/StylizedProvencal/Textures/T_Rock_Walls_B.uasset" 3166
"F:/Study/The-final-game/horror/Content/StylizedProvencal/Textures/T_Rock_Walls_B.uexp" 3167
"F:/Study/The-final-game/horror/Content/StylizedProvencal/Textures/T_Rock_Walls_AORM.ubulk" 3168
"F:/Study/The-final-game/horror/Content/StylizedProvencal/Textures/T_Rock_Walls_AORM.uasset" 3169
"F:/Study/The-final-game/horror/Content/StylizedProvencal/Textures/T_Rock_Walls_AORM.uexp" 3170
"F:/Study/The-final-game/horror/Content/StylizedProvencal/Materials/MI_Rock_Walls.uasset" 3171
"F:/Study/The-final-game/horror/Content/StylizedProvencal/Materials/MI_Rock_Walls.uexp" 3172
"F:/Study/The-final-game/horror/Content/StylizedProvencal/Meshes/SM_Rock_Wall_01.ubulk" 3173
"F:/Study/The-final-game/horror/Content/StylizedProvencal/Meshes/SM_Rock_Wall_01.uasset" 3174
"F:/Study/The-final-game/horror/Content/StylizedProvencal/Meshes/SM_Rock_Wall_01.uexp" 3175
"F:/Study/The-final-game/horror/Content/StylizedProvencal/Meshes/SM_Grass_Small_02_b.ubulk" 3176
"F:/Study/The-final-game/horror/Content/StylizedProvencal/Meshes/SM_Grass_Small_02_b.uasset" 3177
"F:/Study/The-final-game/horror/Content/StylizedProvencal/Meshes/SM_Grass_Small_02_b.uexp" 3178
"F:/Study/The-final-game/horror/Content/StylizedProvencal/Maps/LayerInfo/Flowers_Light_LayerInfo.uasset" 3179
"F:/Study/The-final-game/horror/Content/StylizedProvencal/Maps/LayerInfo/Flowers_Light_LayerInfo.uexp" 3180
"F:/Study/The-final-game/horror/Content/StylizedProvencal/Meshes/SM_Vines_Group_01_b.ubulk" 3181
"F:/Study/The-final-game/horror/Content/StylizedProvencal/Meshes/SM_Vines_Group_01_b.uasset" 3182
"F:/Study/The-final-game/horror/Content/StylizedProvencal/Meshes/SM_Vines_Group_01_b.uexp" 3183
"F:/Study/The-final-game/horror/Content/StylizedProvencal/Meshes/SM_Grass_Small_01_a.ubulk" 3184
"F:/Study/The-final-game/horror/Content/StylizedProvencal/Meshes/SM_Grass_Small_01_a.uasset" 3185
"F:/Study/The-final-game/horror/Content/StylizedProvencal/Meshes/SM_Grass_Small_01_a.uexp" 3186
"F:/Study/The-final-game/horror/Content/StylizedProvencal/Blueprints/BP_PRE_Flower_Pot_02.uasset" 3187
"F:/Study/The-final-game/horror/Content/StylizedProvencal/Blueprints/BP_PRE_Flower_Pot_02.uexp" 3188
"F:/Study/The-final-game/horror/Content/StylizedProvencal/Meshes/SM_Vines_Group_02.ubulk" 3189
"F:/Study/The-final-game/horror/Content/StylizedProvencal/Meshes/SM_Vines_Group_02.uasset" 3190
"F:/Study/The-final-game/horror/Content/StylizedProvencal/Meshes/SM_Vines_Group_02.uexp" 3191
"F:/Study/The-final-game/horror/Content/StylizedProvencal/Maps/LayerInfo/Default_LayerInfo.uasset" 3192
"F:/Study/The-final-game/horror/Content/StylizedProvencal/Maps/LayerInfo/Default_LayerInfo.uexp" 3193
"F:/Study/The-final-game/horror/Content/StylizedProvencal/Meshes/SM_Wooden_Arch_Tunnel.ubulk" 3194
"F:/Study/The-final-game/horror/Content/StylizedProvencal/Meshes/SM_Wooden_Arch_Tunnel.uasset" 3195
"F:/Study/The-final-game/horror/Content/StylizedProvencal/Meshes/SM_Wooden_Arch_Tunnel.uexp" 3196
"F:/Study/The-final-game/horror/Content/StylizedProvencal/Materials/MI_Rock_Walls_2.uasset" 3197
"F:/Study/The-final-game/horror/Content/StylizedProvencal/Materials/MI_Rock_Walls_2.uexp" 3198
"F:/Study/The-final-game/horror/Content/StylizedProvencal/Maps/Main_BuiltData.uasset" 3199
"F:/Study/The-final-game/horror/Content/StylizedProvencal/Maps/Main_BuiltData.uexp" 3200
"F:/Study/The-final-game/horror/Content/StylizedProvencal/Meshes/SM_WoodenBeam_02.ubulk" 3201
"F:/Study/The-final-game/horror/Content/StylizedProvencal/Meshes/SM_WoodenBeam_02.uasset" 3202
"F:/Study/The-final-game/horror/Content/StylizedProvencal/Meshes/SM_WoodenBeam_02.uexp" 3203
"F:/Study/The-final-game/horror/Content/StylizedProvencal/Meshes/SM_WoodenPlank_03.ubulk" 3204
"F:/Study/The-final-game/horror/Content/StylizedProvencal/Meshes/SM_WoodenPlank_03.uasset" 3205
"F:/Study/The-final-game/horror/Content/StylizedProvencal/Meshes/SM_WoodenPlank_03.uexp" 3206
"F:/Study/The-final-game/horror/Content/StylizedProvencal/Maps/LayerInfo/Dirt_LayerInfo.uasset" 3207
"F:/Study/The-final-game/horror/Content/StylizedProvencal/Maps/LayerInfo/Dirt_LayerInfo.uexp" 3208
"F:/Study/The-final-game/horror/Content/StylizedProvencal/Textures/T_Cart_AORM.ubulk" 3209
"F:/Study/The-final-game/horror/Content/StylizedProvencal/Textures/T_Cart_AORM.uasset" 3210
"F:/Study/The-final-game/horror/Content/StylizedProvencal/Textures/T_Cart_AORM.uexp" 3211
"F:/Study/The-final-game/horror/Content/StylizedProvencal/Textures/T_Cart_N.ubulk" 3212
"F:/Study/The-final-game/horror/Content/StylizedProvencal/Textures/T_Cart_N.uasset" 3213
"F:/Study/The-final-game/horror/Content/StylizedProvencal/Textures/T_Cart_N.uexp" 3214
"F:/Study/The-final-game/horror/Content/StylizedProvencal/Textures/T_Cart_B.ubulk" 3215
"F:/Study/The-final-game/horror/Content/StylizedProvencal/Textures/T_Cart_B.uasset" 3216
"F:/Study/The-final-game/horror/Content/StylizedProvencal/Textures/T_Cart_B.uexp" 3217
"F:/Study/The-final-game/horror/Content/StylizedProvencal/Materials/MI_Cart.uasset" 3218
"F:/Study/The-final-game/horror/Content/StylizedProvencal/Materials/MI_Cart.uexp" 3219
"F:/Study/The-final-game/horror/Content/StylizedProvencal/Meshes/SM_Cart.ubulk" 3220
"F:/Study/The-final-game/horror/Content/StylizedProvencal/Meshes/SM_Cart.uasset" 3221
"F:/Study/The-final-game/horror/Content/StylizedProvencal/Meshes/SM_Cart.uexp" 3222
"F:/Study/The-final-game/horror/Content/StylizedProvencal/Meshes/SM_Rock_Cliff_01.ubulk" 3223
"F:/Study/The-final-game/horror/Content/StylizedProvencal/Meshes/SM_Rock_Cliff_01.uasset" 3224
"F:/Study/The-final-game/horror/Content/StylizedProvencal/Meshes/SM_Rock_Cliff_01.uexp" 3225
"F:/Study/The-final-game/horror/Content/StylizedProvencal/Meshes/SM_Grass_Small_01_b.ubulk" 3226
"F:/Study/The-final-game/horror/Content/StylizedProvencal/Meshes/SM_Grass_Small_01_b.uasset" 3227
"F:/Study/The-final-game/horror/Content/StylizedProvencal/Meshes/SM_Grass_Small_01_b.uexp" 3228
"F:/Study/The-final-game/horror/Content/StylizedProvencal/Meshes/SMF_Grass_Small_01_b.uasset" 3229
"F:/Study/The-final-game/horror/Content/StylizedProvencal/Meshes/SMF_Grass_Small_01_b.uexp" 3230
"F:/Study/The-final-game/horror/Content/StylizedProvencal/Meshes/SM_Vine_02.ubulk" 3231
"F:/Study/The-final-game/horror/Content/StylizedProvencal/Meshes/SM_Vine_02.uasset" 3232
"F:/Study/The-final-game/horror/Content/StylizedProvencal/Meshes/SM_Vine_02.uexp" 3233
"F:/Study/The-final-game/horror/Content/StylizedProvencal/Meshes/SM_WoodenPlank_01.ubulk" 3234
"F:/Study/The-final-game/horror/Content/StylizedProvencal/Meshes/SM_WoodenPlank_01.uasset" 3235
"F:/Study/The-final-game/horror/Content/StylizedProvencal/Meshes/SM_WoodenPlank_01.uexp" 3236
"F:/Study/The-final-game/horror/Content/StylizedProvencal/Meshes/SM_Vines_Group_01.ubulk" 3237
"F:/Study/The-final-game/horror/Content/StylizedProvencal/Meshes/SM_Vines_Group_01.uasset" 3238
"F:/Study/The-final-game/horror/Content/StylizedProvencal/Meshes/SM_Vines_Group_01.uexp" 3239
"F:/Study/The-final-game/horror/Content/StylizedProvencal/Textures/T_Cloud_01.ubulk" 3240
"F:/Study/The-final-game/horror/Content/StylizedProvencal/Textures/T_Cloud_01.uasset" 3241
"F:/Study/The-final-game/horror/Content/StylizedProvencal/Textures/T_Cloud_01.uexp" 3242
"F:/Study/The-final-game/horror/Content/StylizedProvencal/Textures/T_FlowMap_01_N.ubulk" 3243
"F:/Study/The-final-game/horror/Content/StylizedProvencal/Textures/T_FlowMap_01_N.uasset" 3244
"F:/Study/The-final-game/horror/Content/StylizedProvencal/Textures/T_FlowMap_01_N.uexp" 3245
"F:/Study/The-final-game/horror/Content/StylizedProvencal/Textures/T_Cloud_02.ubulk" 3246
"F:/Study/The-final-game/horror/Content/StylizedProvencal/Textures/T_Cloud_02.uasset" 3247
"F:/Study/The-final-game/horror/Content/StylizedProvencal/Textures/T_Cloud_02.uexp" 3248
"../../../Engine/Content/Functions/Engine_MaterialFunctions02/Math/Pi.uasset" 3249
"../../../Engine/Content/Functions/Engine_MaterialFunctions02/Math/Pi.uexp" 3250
"F:/Study/The-final-game/horror/Content/StylizedProvencal/Materials/MM_Clouds.uasset" 3251
"F:/Study/The-final-game/horror/Content/StylizedProvencal/Materials/MM_Clouds.uexp" 3252
"F:/Study/The-final-game/horror/Content/StylizedProvencal/Materials/MI_Cloud_Large.uasset" 3253
"F:/Study/The-final-game/horror/Content/StylizedProvencal/Materials/MI_Cloud_Large.uexp" 3254
"F:/Study/The-final-game/horror/Content/StylizedProvencal/Meshes/SM_Clouds.ubulk" 3255
"F:/Study/The-final-game/horror/Content/StylizedProvencal/Meshes/SM_Clouds.uasset" 3256
"F:/Study/The-final-game/horror/Content/StylizedProvencal/Meshes/SM_Clouds.uexp" 3257
"F:/Study/The-final-game/horror/Content/StylizedProvencal/Meshes/SMF_GrassField_01_a.uasset" 3258
"F:/Study/The-final-game/horror/Content/StylizedProvencal/Meshes/SMF_GrassField_01_a.uexp" 3259
"F:/Study/The-final-game/horror/Content/StylizedProvencal/Meshes/SM_Crate_03.ubulk" 3260
"F:/Study/The-final-game/horror/Content/StylizedProvencal/Meshes/SM_Crate_03.uasset" 3261
"F:/Study/The-final-game/horror/Content/StylizedProvencal/Meshes/SM_Crate_03.uexp" 3262
"F:/Study/The-final-game/horror/Content/StylizedProvencal/Meshes/SMF_GrassField_02_a.uasset" 3263
"F:/Study/The-final-game/horror/Content/StylizedProvencal/Meshes/SMF_GrassField_02_a.uexp" 3264
"F:/Study/The-final-game/horror/Content/StylizedProvencal/Meshes/SM_Vine_04.ubulk" 3265
"F:/Study/The-final-game/horror/Content/StylizedProvencal/Meshes/SM_Vine_04.uasset" 3266
"F:/Study/The-final-game/horror/Content/StylizedProvencal/Meshes/SM_Vine_04.uexp" 3267
"F:/Study/The-final-game/horror/Content/StylizedProvencal/Meshes/SM_Rock_Small_03.ubulk" 3268
"F:/Study/The-final-game/horror/Content/StylizedProvencal/Meshes/SM_Rock_Small_03.uasset" 3269
"F:/Study/The-final-game/horror/Content/StylizedProvencal/Meshes/SM_Rock_Small_03.uexp" 3270
"F:/Study/The-final-game/horror/Content/StylizedProvencal/Meshes/SM_Crate_01.ubulk" 3271
"F:/Study/The-final-game/horror/Content/StylizedProvencal/Meshes/SM_Crate_01.uasset" 3272
"F:/Study/The-final-game/horror/Content/StylizedProvencal/Meshes/SM_Crate_01.uexp" 3273
"F:/Study/The-final-game/horror/Content/StylizedProvencal/Materials/MI_Tree_Flora_03.uasset" 3274
"F:/Study/The-final-game/horror/Content/StylizedProvencal/Materials/MI_Tree_Flora_03.uexp" 3275
"F:/Study/The-final-game/horror/Content/StylizedProvencal/Textures/T_Shrine_Candle_AORM.ubulk" 3276
"F:/Study/The-final-game/horror/Content/StylizedProvencal/Textures/T_Shrine_Candle_AORM.uasset" 3277
"F:/Study/The-final-game/horror/Content/StylizedProvencal/Textures/T_Shrine_Candle_AORM.uexp" 3278
"F:/Study/The-final-game/horror/Content/StylizedProvencal/Textures/T_Shrine_Candle_N.ubulk" 3279
"F:/Study/The-final-game/horror/Content/StylizedProvencal/Textures/T_Shrine_Candle_N.uasset" 3280
"F:/Study/The-final-game/horror/Content/StylizedProvencal/Textures/T_Shrine_Candle_N.uexp" 3281
"F:/Study/The-final-game/horror/Content/StylizedProvencal/Textures/T_Shrine_Candle_B.ubulk" 3282
"F:/Study/The-final-game/horror/Content/StylizedProvencal/Textures/T_Shrine_Candle_B.uasset" 3283
"F:/Study/The-final-game/horror/Content/StylizedProvencal/Textures/T_Shrine_Candle_B.uexp" 3284
"F:/Study/The-final-game/horror/Content/StylizedProvencal/Materials/MI_Shrine_Candle.uasset" 3285
"F:/Study/The-final-game/horror/Content/StylizedProvencal/Materials/MI_Shrine_Candle.uexp" 3286
"F:/Study/The-final-game/horror/Content/StylizedProvencal/Meshes/SM_Shrine_Candle.ubulk" 3287
"F:/Study/The-final-game/horror/Content/StylizedProvencal/Meshes/SM_Shrine_Candle.uasset" 3288
"F:/Study/The-final-game/horror/Content/StylizedProvencal/Meshes/SM_Shrine_Candle.uexp" 3289
"F:/Study/The-final-game/horror/Content/StylizedProvencal/Materials/Landscape/RVT_Landscape_Color_SVT.uasset" 3290
"F:/Study/The-final-game/horror/Content/StylizedProvencal/Materials/Landscape/RVT_Landscape_Color_SVT.uexp" 3291
"F:/Study/The-final-game/horror/Content/StylizedProvencal/Meshes/SM_Rock_Wall_02.ubulk" 3292
"F:/Study/The-final-game/horror/Content/StylizedProvencal/Meshes/SM_Rock_Wall_02.uasset" 3293
"F:/Study/The-final-game/horror/Content/StylizedProvencal/Meshes/SM_Rock_Wall_02.uexp" 3294
"F:/Study/The-final-game/horror/Content/StylizedProvencal/Meshes/SM_Bench.ubulk" 3295
"F:/Study/The-final-game/horror/Content/StylizedProvencal/Meshes/SM_Bench.uasset" 3296
"F:/Study/The-final-game/horror/Content/StylizedProvencal/Meshes/SM_Bench.uexp" 3297
"F:/Study/The-final-game/horror/Content/StylizedProvencal/Meshes/SM_WoodenBeam_04.ubulk" 3298
"F:/Study/The-final-game/horror/Content/StylizedProvencal/Meshes/SM_WoodenBeam_04.uasset" 3299
"F:/Study/The-final-game/horror/Content/StylizedProvencal/Meshes/SM_WoodenBeam_04.uexp" 3300
"F:/Study/The-final-game/horror/Content/StylizedProvencal/Meshes/SM_Vines_Group_04.ubulk" 3301
"F:/Study/The-final-game/horror/Content/StylizedProvencal/Meshes/SM_Vines_Group_04.uasset" 3302
"F:/Study/The-final-game/horror/Content/StylizedProvencal/Meshes/SM_Vines_Group_04.uexp" 3303
"F:/Study/The-final-game/horror/Content/StylizedProvencal/Meshes/SM_Stool.ubulk" 3304
"F:/Study/The-final-game/horror/Content/StylizedProvencal/Meshes/SM_Stool.uasset" 3305
"F:/Study/The-final-game/horror/Content/StylizedProvencal/Meshes/SM_Stool.uexp" 3306
"F:/Study/The-final-game/horror/Content/StylizedProvencal/Meshes/SM_Rock_Cliff_04.ubulk" 3307
"F:/Study/The-final-game/horror/Content/StylizedProvencal/Meshes/SM_Rock_Cliff_04.uasset" 3308
"F:/Study/The-final-game/horror/Content/StylizedProvencal/Meshes/SM_Rock_Cliff_04.uexp" 3309
"F:/Study/The-final-game/horror/Content/StylizedProvencal/Meshes/SM_Vine_05.ubulk" 3310
"F:/Study/The-final-game/horror/Content/StylizedProvencal/Meshes/SM_Vine_05.uasset" 3311
"F:/Study/The-final-game/horror/Content/StylizedProvencal/Meshes/SM_Vine_05.uexp" 3312
"F:/Study/The-final-game/horror/Content/StylizedProvencal/Meshes/SM_Vine_03.ubulk" 3313
"F:/Study/The-final-game/horror/Content/StylizedProvencal/Meshes/SM_Vine_03.uasset" 3314
"F:/Study/The-final-game/horror/Content/StylizedProvencal/Meshes/SM_Vine_03.uexp" 3315
"F:/Study/The-final-game/horror/Content/StylizedProvencal/Maps/LayerInfo/Flowers_Full_LayerInfo.uasset" 3316
"F:/Study/The-final-game/horror/Content/StylizedProvencal/Maps/LayerInfo/Flowers_Full_LayerInfo.uexp" 3317
"F:/Study/The-final-game/horror/Content/StylizedProvencal/Meshes/SM_WoodenBeam_01.ubulk" 3318
"F:/Study/The-final-game/horror/Content/StylizedProvencal/Meshes/SM_WoodenBeam_01.uasset" 3319
"F:/Study/The-final-game/horror/Content/StylizedProvencal/Meshes/SM_WoodenBeam_01.uexp" 3320
"F:/Study/The-final-game/horror/Content/StylizedProvencal/Meshes/SMF_Grass_Small_01_a.uasset" 3321
"F:/Study/The-final-game/horror/Content/StylizedProvencal/Meshes/SMF_Grass_Small_01_a.uexp" 3322
"F:/Study/The-final-game/horror/Content/StylizedProvencal/Meshes/SM_RoofTile_02.ubulk" 3323
"F:/Study/The-final-game/horror/Content/StylizedProvencal/Meshes/SM_RoofTile_02.uasset" 3324
"F:/Study/The-final-game/horror/Content/StylizedProvencal/Meshes/SM_RoofTile_02.uexp" 3325
"F:/Study/The-final-game/horror/Content/StylizedProvencal/Maps/LayerInfo/Grass_02_LayerInfo.uasset" 3326
"F:/Study/The-final-game/horror/Content/StylizedProvencal/Maps/LayerInfo/Grass_02_LayerInfo.uexp" 3327
"F:/Study/The-final-game/horror/Content/StylizedProvencal/Meshes/SM_Tree_Cypress.ubulk" 3328
"F:/Study/The-final-game/horror/Content/StylizedProvencal/Meshes/SM_Tree_Cypress.uasset" 3329
"F:/Study/The-final-game/horror/Content/StylizedProvencal/Meshes/SM_Tree_Cypress.uexp" 3330
"F:/Study/The-final-game/horror/Content/StylizedProvencal/Materials/RVT_Landscape_Height_SVT.uasset" 3331
"F:/Study/The-final-game/horror/Content/StylizedProvencal/Materials/RVT_Landscape_Height_SVT.uexp" 3332
"F:/Study/The-final-game/horror/Content/StylizedProvencal/Meshes/SM_Vines_Group_03.ubulk" 3333
"F:/Study/The-final-game/horror/Content/StylizedProvencal/Meshes/SM_Vines_Group_03.uasset" 3334
"F:/Study/The-final-game/horror/Content/StylizedProvencal/Meshes/SM_Vines_Group_03.uexp" 3335
"F:/Study/The-final-game/horror/Content/StylizedProvencal/Meshes/SM_Vine_06.ubulk" 3336
"F:/Study/The-final-game/horror/Content/StylizedProvencal/Meshes/SM_Vine_06.uasset" 3337
"F:/Study/The-final-game/horror/Content/StylizedProvencal/Meshes/SM_Vine_06.uexp" 3338
"F:/Study/The-final-game/horror/Content/StylizedProvencal/Meshes/SMF_GrassField_02_b.uasset" 3339
"F:/Study/The-final-game/horror/Content/StylizedProvencal/Meshes/SMF_GrassField_02_b.uexp" 3340
"F:/Study/The-final-game/horror/Content/StylizedProvencal/Maps/Main.uexp" 3341
"F:/Study/The-final-game/horror/Content/StylizedProvencal/Maps/Main.umap" 3342
"F:/Study/The-final-game/horror/Content/StylizedProvencal/Meshes/SM_WoodenArch.ubulk" 3343
"F:/Study/The-final-game/horror/Content/StylizedProvencal/Meshes/SM_WoodenArch.uasset" 3344
"F:/Study/The-final-game/horror/Content/StylizedProvencal/Meshes/SM_WoodenArch.uexp" 3345
"F:/Study/The-final-game/horror/Content/StylizedProvencal/Materials/MI_WoodTrunk_Tree02.uasset" 3346
"F:/Study/The-final-game/horror/Content/StylizedProvencal/Materials/MI_WoodTrunk_Tree02.uexp" 3347
"F:/Study/The-final-game/horror/Content/StylizedProvencal/Materials/MI_StoneBricksWall_.uasset" 3348
"F:/Study/The-final-game/horror/Content/StylizedProvencal/Materials/MI_StoneBricksWall_.uexp" 3349
"F:/Study/The-final-game/horror/Content/StylizedProvencal/Maps/Overview_BuiltData.uasset" 3350
"F:/Study/The-final-game/horror/Content/StylizedProvencal/Maps/Overview_BuiltData.uexp" 3351
"F:/Study/The-final-game/horror/Content/StylizedProvencal/Meshes/SM_Wooden_Pillar.ubulk" 3352
"F:/Study/The-final-game/horror/Content/StylizedProvencal/Meshes/SM_Wooden_Pillar.uasset" 3353
"F:/Study/The-final-game/horror/Content/StylizedProvencal/Meshes/SM_Wooden_Pillar.uexp" 3354
"F:/Study/The-final-game/horror/Content/StylizedProvencal/Meshes/SM_House_Main_Decals.ubulk" 3355
"F:/Study/The-final-game/horror/Content/StylizedProvencal/Meshes/SM_House_Main_Decals.uasset" 3356
"F:/Study/The-final-game/horror/Content/StylizedProvencal/Meshes/SM_House_Main_Decals.uexp" 3357
"F:/Study/The-final-game/horror/Content/StylizedProvencal/Materials/MI_RoofTile.uasset" 3358
"F:/Study/The-final-game/horror/Content/StylizedProvencal/Materials/MI_RoofTile.uexp" 3359
"F:/Study/The-final-game/horror/Content/StylizedProvencal/Meshes/SM_RoofTile_01.ubulk" 3360
"F:/Study/The-final-game/horror/Content/StylizedProvencal/Meshes/SM_RoofTile_01.uasset" 3361
"F:/Study/The-final-game/horror/Content/StylizedProvencal/Meshes/SM_RoofTile_01.uexp" 3362
"F:/Study/The-final-game/horror/Content/StylizedProvencal/Materials/MI_StoneWalls.uasset" 3363
"F:/Study/The-final-game/horror/Content/StylizedProvencal/Materials/MI_StoneWalls.uexp" 3364
"F:/Study/The-final-game/horror/Content/StylizedProvencal/Materials/MI_WoodTrunk_Tree03.uasset" 3365
"F:/Study/The-final-game/horror/Content/StylizedProvencal/Materials/MI_WoodTrunk_Tree03.uexp" 3366
"F:/Study/The-final-game/horror/Content/StylizedProvencal/Meshes/SM_House_Ivy.ubulk" 3367
"F:/Study/The-final-game/horror/Content/StylizedProvencal/Meshes/SM_House_Ivy.uasset" 3368
"F:/Study/The-final-game/horror/Content/StylizedProvencal/Meshes/SM_House_Ivy.uexp" 3369
"F:/Study/The-final-game/horror/Content/StylizedProvencal/Textures/T_Ropes_B.ubulk" 3370
"F:/Study/The-final-game/horror/Content/StylizedProvencal/Textures/T_Ropes_B.uasset" 3371
"F:/Study/The-final-game/horror/Content/StylizedProvencal/Textures/T_Ropes_B.uexp" 3372
"F:/Study/The-final-game/horror/Content/StylizedProvencal/Textures/T_Ropes_AORM.ubulk" 3373
"F:/Study/The-final-game/horror/Content/StylizedProvencal/Textures/T_Ropes_AORM.uasset" 3374
"F:/Study/The-final-game/horror/Content/StylizedProvencal/Textures/T_Ropes_AORM.uexp" 3375
"F:/Study/The-final-game/horror/Content/StylizedProvencal/Textures/T_Ropes_N.ubulk" 3376
"F:/Study/The-final-game/horror/Content/StylizedProvencal/Textures/T_Ropes_N.uasset" 3377
"F:/Study/The-final-game/horror/Content/StylizedProvencal/Textures/T_Ropes_N.uexp" 3378
"F:/Study/The-final-game/horror/Content/StylizedProvencal/Materials/MI_Ropes.uasset" 3379
"F:/Study/The-final-game/horror/Content/StylizedProvencal/Materials/MI_Ropes.uexp" 3380
"F:/Study/The-final-game/horror/Content/StylizedProvencal/Materials/MI_StoneBricksWall_03.uasset" 3381
"F:/Study/The-final-game/horror/Content/StylizedProvencal/Materials/MI_StoneBricksWall_03.uexp" 3382
"F:/Study/The-final-game/horror/Content/StylizedProvencal/Meshes/SM_Wheel.ubulk" 3383
"F:/Study/The-final-game/horror/Content/StylizedProvencal/Meshes/SM_Wheel.uasset" 3384
"F:/Study/The-final-game/horror/Content/StylizedProvencal/Meshes/SM_Wheel.uexp" 3385
"F:/Study/The-final-game/horror/Content/StylizedProvencal/Materials/MI_Wood_02.uasset" 3386
"F:/Study/The-final-game/horror/Content/StylizedProvencal/Materials/MI_Wood_02.uexp" 3387
"F:/Study/The-final-game/horror/Content/StylizedProvencal/Meshes/SM_RoofTile_04.ubulk" 3388
"F:/Study/The-final-game/horror/Content/StylizedProvencal/Meshes/SM_RoofTile_04.uasset" 3389
"F:/Study/The-final-game/horror/Content/StylizedProvencal/Meshes/SM_RoofTile_04.uexp" 3390
"F:/Study/The-final-game/horror/Content/StylizedProvencal/Meshes/SM_MatTest.ubulk" 3391
"F:/Study/The-final-game/horror/Content/StylizedProvencal/Meshes/SM_MatTest.uasset" 3392
"F:/Study/The-final-game/horror/Content/StylizedProvencal/Meshes/SM_MatTest.uexp" 3393
"F:/Study/The-final-game/horror/Content/StylizedProvencal/Meshes/SM_Test_RoofTile.ubulk" 3394
"F:/Study/The-final-game/horror/Content/StylizedProvencal/Meshes/SM_Test_RoofTile.uasset" 3395
"F:/Study/The-final-game/horror/Content/StylizedProvencal/Meshes/SM_Test_RoofTile.uexp" 3396
"F:/Study/The-final-game/horror/Content/StylizedProvencal/Materials/MI_StoneWall_VertexPaint_3.uasset" 3397
"F:/Study/The-final-game/horror/Content/StylizedProvencal/Materials/MI_StoneWall_VertexPaint_3.uexp" 3398
"F:/Study/The-final-game/horror/Content/StylizedProvencal/Meshes/SM_Vine_Flowers.ubulk" 3399
"F:/Study/The-final-game/horror/Content/StylizedProvencal/Meshes/SM_Vine_Flowers.uasset" 3400
"F:/Study/The-final-game/horror/Content/StylizedProvencal/Meshes/SM_Vine_Flowers.uexp" 3401
"F:/Study/The-final-game/horror/Content/StylizedProvencal/Materials/MI_Wood.uasset" 3402
"F:/Study/The-final-game/horror/Content/StylizedProvencal/Materials/MI_Wood.uexp" 3403
"F:/Study/The-final-game/horror/Content/StylizedProvencal/Maps/Overview.uexp" 3404
"F:/Study/The-final-game/horror/Content/StylizedProvencal/Maps/Overview.umap" 3405
"../../../Engine/Content/Maps/Entry_BuiltData.uasset" 3406
"../../../Engine/Content/Maps/Entry_BuiltData.uexp" 3407
"../../../Engine/Content/Maps/Entry.uexp" 3408
"../../../Engine/Content/Maps/Entry.umap" 3409
